latitude,longitude,bright_ti4,scan,track,acq_date,acq_time,satellite,instrument,confidence,version,bright_ti5,frp,daynight
21.32899,-158.10893,336.42,0.36,0.58,2024-11-21,22,N,VIIRS,n,2.0NRT,299.08,2.25,D
21.32935,-158.10541,335.96,0.36,0.58,2024-11-21,22,N,VIIRS,n,2.0NRT,299.86,4,D
21.33183,-158.10986,326.44,0.36,0.58,2024-11-21,22,N,VIIRS,l,2.0NRT,298.54,1.54,D
21.33215,-158.10637,331.96,0.36,0.58,2024-11-21,22,N,VIIRS,n,2.0NRT,299.03,4.27,D
65.04295,56.66467,330.08,0.41,0.61,2024-11-21,45,N,VIIRS,n,2.0NRT,245.78,2.74,N
68.58795,58.05195,335.02,0.57,0.52,2024-11-21,45,N,VIIRS,n,2.0NRT,257.66,4.55,N
68.61584,57.9668,333.99,0.57,0.52,2024-11-21,45,N,VIIRS,n,2.0NRT,258.86,4.45,N
69.26525,57.28386,339.52,0.51,0.49,2024-11-21,45,N,VIIRS,n,2.0NRT,271.62,6.36,N
66.31374,14.16767,323.68,0.46,0.47,2024-11-21,47,N,VIIRS,n,2.0NRT,258.91,2.72,N
66.31438,14.1622,329.13,0.46,0.47,2024-11-21,47,N,VIIRS,n,2.0NRT,259.04,3.74,N
58.27666,6.89395,317.29,0.33,0.55,2024-11-21,49,N,VIIRS,n,2.0NRT,265.75,2.11,N
58.27683,6.88806,328.99,0.33,0.55,2024-11-21,49,N,VIIRS,n,2.0NRT,267.65,2.11,N
59.05767,9.64265,322.49,0.53,0.5,2024-11-21,49,N,VIIRS,n,2.0NRT,270.8,4.92,N
59.05815,9.63318,323,0.53,0.5,2024-11-21,49,N,VIIRS,n,2.0NRT,268.36,4.92,N
59.05877,9.63861,342.69,0.53,0.5,2024-11-21,49,N,VIIRS,n,2.0NRT,273.1,7.43,N
59.2736,5.51843,304.52,0.37,0.58,2024-11-21,49,N,VIIRS,n,2.0NRT,258.23,1.36,N
60.80273,1.43956,299.7,0.52,0.67,2024-11-21,49,N,VIIRS,n,2.0NRT,277.89,1.52,N
60.8029,1.44953,310.37,0.52,0.67,2024-11-21,49,N,VIIRS,n,2.0NRT,277.85,1.52,N
60.85336,1.46641,320.39,0.52,0.67,2024-11-21,49,N,VIIRS,n,2.0NRT,278.02,1.95,N
48.10788,17.19641,326.97,0.38,0.36,2024-11-21,52,N,VIIRS,n,2.0NRT,273.55,1.71,N
48.10867,17.19131,314.06,0.38,0.36,2024-11-21,52,N,VIIRS,n,2.0NRT,272.23,2.41,N
48.27311,14.34249,299.39,0.43,0.38,2024-11-21,52,N,VIIRS,n,2.0NRT,264.25,1.43,N
48.27383,14.33679,317.23,0.43,0.38,2024-11-21,52,N,VIIRS,n,2.0NRT,264.98,1.43,N
48.27584,14.34918,301.36,0.42,0.38,2024-11-21,52,N,VIIRS,n,2.0NRT,267.82,0.94,N
48.27729,14.33776,335.38,0.43,0.38,2024-11-21,52,N,VIIRS,n,2.0NRT,271.26,9.38,N
48.45698,17.19141,306.98,0.39,0.36,2024-11-21,52,N,VIIRS,n,2.0NRT,273.59,1.02,N
48.60435,21.18023,319.24,0.42,0.38,2024-11-21,52,N,VIIRS,n,2.0NRT,271.43,1.53,N
48.60771,21.18166,327.63,0.42,0.38,2024-11-21,52,N,VIIRS,n,2.0NRT,274.69,1.53,N
49.21614,16.77424,296.36,0.39,0.36,2024-11-21,52,N,VIIRS,n,2.0NRT,271.92,0.79,N
50.32899,19.28545,313.59,0.39,0.36,2024-11-21,52,N,VIIRS,n,2.0NRT,267.94,2.67,N
50.33224,19.28675,327.83,0.39,0.36,2024-11-21,52,N,VIIRS,n,2.0NRT,274.11,2.67,N
50.33549,19.28804,300.77,0.39,0.36,2024-11-21,52,N,VIIRS,n,2.0NRT,273.7,1.35,N
50.34155,19.33576,301.16,0.39,0.36,2024-11-21,52,N,VIIRS,n,2.0NRT,275.66,1.54,N
50.41477,18.1375,300.91,0.39,0.36,2024-11-21,52,N,VIIRS,n,2.0NRT,265.27,0.9,N
50.53413,17.97898,317.27,0.39,0.36,2024-11-21,52,N,VIIRS,n,2.0NRT,277.02,2.08,N
51.13774,23.54917,295.3,0.44,0.39,2024-11-21,52,N,VIIRS,n,2.0NRT,271.67,0.84,N
51.68903,15.97991,322.92,0.42,0.37,2024-11-21,52,N,VIIRS,n,2.0NRT,272.64,2.18,N
53.13294,8.67736,310.17,0.51,0.49,2024-11-21,52,N,VIIRS,n,2.0NRT,267.74,2.08,N
53.13753,8.67817,296.54,0.51,0.49,2024-11-21,52,N,VIIRS,n,2.0NRT,266.23,1.25,N
53.33937,-1.75651,295.07,0.69,0.74,2024-11-21,52,N,VIIRS,n,2.0NRT,269.49,1.36,N
53.52171,9.90633,324.46,0.46,0.47,2024-11-21,52,N,VIIRS,n,2.0NRT,272.35,1.93,N
53.52221,9.89927,302.93,0.46,0.47,2024-11-21,52,N,VIIRS,n,2.0NRT,272.99,1.93,N
41.26564,31.4223,299.71,0.56,0.69,2024-11-21,54,N,VIIRS,n,2.0NRT,282.62,1.14,N
41.26855,31.42498,297.19,0.56,0.69,2024-11-21,54,N,VIIRS,n,2.0NRT,283.02,0.82,N
43.43569,4.89327,296.99,0.62,0.54,2024-11-21,54,N,VIIRS,n,2.0NRT,276.38,2.97,N
43.43614,4.88542,319.62,0.62,0.54,2024-11-21,54,N,VIIRS,n,2.0NRT,278.13,4.65,N
43.43633,4.88702,317.01,0.62,0.54,2024-11-21,54,N,VIIRS,n,2.0NRT,277.58,5.61,N
43.4407,4.89386,295.05,0.62,0.54,2024-11-21,54,N,VIIRS,n,2.0NRT,275.58,1.51,N
44.54946,18.50878,299.77,0.4,0.37,2024-11-21,54,N,VIIRS,n,2.0NRT,271.81,1.12,N
44.55035,18.50381,323.98,0.4,0.37,2024-11-21,54,N,VIIRS,n,2.0NRT,274.04,2.14,N
45.14268,9.94307,330.71,0.56,0.43,2024-11-21,54,N,VIIRS,n,2.0NRT,272.85,5.83,N
45.14663,9.94388,337.94,0.56,0.43,2024-11-21,54,N,VIIRS,n,2.0NRT,280.9,13.42,N
45.45843,10.4575,323.13,0.54,0.42,2024-11-21,54,N,VIIRS,n,2.0NRT,273.49,2.55,N
45.4623,10.45835,326.89,0.54,0.42,2024-11-21,54,N,VIIRS,n,2.0NRT,273.65,2.55,N
45.47884,10.21228,311.99,0.55,0.43,2024-11-21,54,N,VIIRS,n,2.0NRT,274.37,1.95,N
45.50738,10.247,303.77,0.55,0.42,2024-11-21,54,N,VIIRS,n,2.0NRT,274.36,1.37,N
47.07105,8.26476,322.85,0.46,0.47,2024-11-21,54,N,VIIRS,n,2.0NRT,273.16,2,N
48.60873,6.11109,297.87,0.6,0.53,2024-11-21,54,N,VIIRS,n,2.0NRT,270.54,1.46,N
48.60956,6.10891,300.25,0.6,0.53,2024-11-21,54,N,VIIRS,n,2.0NRT,270.8,1.31,N
30.83866,28.66845,295.98,0.79,0.78,2024-11-21,56,N,VIIRS,n,2.0NRT,283.02,0.46,N
30.93388,27.56014,296.49,0.68,0.74,2024-11-21,56,N,VIIRS,n,2.0NRT,280.91,1.26,N
30.93541,27.55924,297.48,0.68,0.74,2024-11-21,56,N,VIIRS,n,2.0NRT,280.98,0.66,N
35.09484,5.64657,295.9,0.46,0.47,2024-11-21,56,N,VIIRS,n,2.0NRT,284.99,0.68,N
35.17188,9.30084,301.42,0.46,0.39,2024-11-21,56,N,VIIRS,n,2.0NRT,283.49,0.85,N
35.23201,8.17502,305.51,0.52,0.41,2024-11-21,56,N,VIIRS,n,2.0NRT,281.9,1.78,N
35.35026,5.76049,327.72,0.46,0.47,2024-11-21,56,N,VIIRS,n,2.0NRT,282.17,3.55,N
35.54987,6.86962,295.24,0.4,0.45,2024-11-21,56,N,VIIRS,n,2.0NRT,279.65,0.6,N
35.77614,9.89268,303.64,0.45,0.39,2024-11-21,56,N,VIIRS,n,2.0NRT,288,0.59,N
35.8037,-0.24329,297.87,0.5,0.66,2024-11-21,56,N,VIIRS,n,2.0NRT,286.18,0.92,N
35.80813,-0.34604,332.38,0.51,0.66,2024-11-21,56,N,VIIRS,n,2.0NRT,288.24,3.65,N
35.80938,-0.23174,298.71,0.5,0.66,2024-11-21,56,N,VIIRS,n,2.0NRT,286.22,2.6,N
35.80964,-0.23753,335.35,0.5,0.66,2024-11-21,56,N,VIIRS,n,2.0NRT,286.53,2.6,N
35.80989,-0.2433,316.75,0.5,0.66,2024-11-21,56,N,VIIRS,n,2.0NRT,285.89,3.12,N
35.81015,-0.24907,296.41,0.5,0.66,2024-11-21,56,N,VIIRS,n,2.0NRT,286.16,3.12,N
35.81039,-0.25469,352.78,0.5,0.66,2024-11-21,56,N,VIIRS,n,2.0NRT,287.61,8.7,N
35.81064,-0.26032,349.61,0.51,0.66,2024-11-21,56,N,VIIRS,n,2.0NRT,287.07,8.7,N
35.81732,-0.27153,306.46,0.51,0.66,2024-11-21,56,N,VIIRS,n,2.0NRT,286.24,4.87,N
35.82598,-0.32772,296.79,0.51,0.66,2024-11-21,56,N,VIIRS,n,2.0NRT,286.68,0.63,N
35.87782,4.44556,307.55,0.55,0.51,2024-11-21,56,N,VIIRS,n,2.0NRT,282.77,2.12,N
36.08551,6.80276,298.61,0.41,0.45,2024-11-21,56,N,VIIRS,n,2.0NRT,280.97,1.46,N
36.13151,1.2404,300.11,0.42,0.61,2024-11-21,56,N,VIIRS,n,2.0NRT,284.62,0.95,N
36.59505,2.879,302.23,0.34,0.56,2024-11-21,56,N,VIIRS,n,2.0NRT,283.69,0.46,N
36.62979,3.23292,309.55,0.33,0.55,2024-11-21,56,N,VIIRS,n,2.0NRT,285.83,0.69,N
36.7438,6.25421,321.18,0.45,0.47,2024-11-21,56,N,VIIRS,n,2.0NRT,284.79,3.36,N
36.74813,6.25485,327.81,0.45,0.47,2024-11-21,56,N,VIIRS,n,2.0NRT,285.75,2.63,N
36.76221,7.3081,305.46,0.4,0.44,2024-11-21,56,N,VIIRS,n,2.0NRT,284.12,1.62,N
36.79257,7.68129,295.84,0.57,0.43,2024-11-21,56,N,VIIRS,n,2.0NRT,283.57,0.61,N
36.86263,6.95805,301.86,0.41,0.45,2024-11-21,56,N,VIIRS,n,2.0NRT,284.37,1.15,N
36.86309,6.95335,309.57,0.41,0.45,2024-11-21,56,N,VIIRS,n,2.0NRT,282.51,1.15,N
36.86857,6.98314,316.91,0.41,0.45,2024-11-21,56,N,VIIRS,n,2.0NRT,285.26,1.95,N
36.87651,6.94592,315.16,0.41,0.45,2024-11-21,56,N,VIIRS,n,2.0NRT,284.28,1.23,N
36.94228,15.17414,317.89,0.39,0.37,2024-11-21,56,N,VIIRS,n,2.0NRT,286.09,1.47,N
36.9486,-2.3214,298.79,0.67,0.74,2024-11-21,56,N,VIIRS,n,2.0NRT,284.56,3.24,N
36.94873,-2.32868,339.89,0.67,0.74,2024-11-21,56,N,VIIRS,n,2.0NRT,286.9,3.24,N
36.9493,-2.32454,338.43,0.67,0.74,2024-11-21,56,N,VIIRS,n,2.0NRT,286.54,4.28,N
36.94948,-2.33192,300.95,0.67,0.74,2024-11-21,56,N,VIIRS,n,2.0NRT,284.07,4.28,N
37.20941,15.17149,299.53,0.39,0.36,2024-11-21,56,N,VIIRS,n,2.0NRT,287.55,0.75,N
37.43727,15.03129,304.15,0.39,0.36,2024-11-21,56,N,VIIRS,n,2.0NRT,285.75,1.1,N
39.35489,22.98399,300.8,0.48,0.48,2024-11-21,56,N,VIIRS,n,2.0NRT,282.2,1.35,N
26.56462,12.67917,314.13,0.41,0.37,2024-11-21,58,N,VIIRS,n,2.0NRT,287.65,1.4,N
26.57715,12.21073,322.15,0.4,0.37,2024-11-21,58,N,VIIRS,n,2.0NRT,281.35,2.11,N
26.58049,12.21142,333.45,0.4,0.37,2024-11-21,58,N,VIIRS,n,2.0NRT,286.36,5.74,N
26.70195,12.45248,331.61,0.4,0.37,2024-11-21,58,N,VIIRS,n,2.0NRT,272.01,3.52,N
26.75705,12.41442,302.93,0.4,0.37,2024-11-21,58,N,VIIRS,n,2.0NRT,262.86,0.63,N
26.75772,12.41043,295.11,0.4,0.37,2024-11-21,58,N,VIIRS,n,2.0NRT,262.17,0.77,N
28.1144,0.30524,300.43,0.4,0.6,2024-11-21,58,N,VIIRS,n,2.0NRT,287.51,0.45,N
28.11472,0.30106,304.52,0.4,0.6,2024-11-21,58,N,VIIRS,n,2.0NRT,287.5,0.45,N
28.19848,-0.51699,295.89,0.45,0.63,2024-11-21,58,N,VIIRS,n,2.0NRT,284.72,0.61,N
28.21288,-0.15954,322.87,0.43,0.62,2024-11-21,58,N,VIIRS,n,2.0NRT,286.1,1.69,N
28.21406,-0.16187,309.71,0.43,0.62,2024-11-21,58,N,VIIRS,n,2.0NRT,284.95,1.63,N
28.39541,7.43855,327.93,0.47,0.4,2024-11-21,58,N,VIIRS,n,2.0NRT,285.73,4.02,N
28.43299,7.51628,295.87,0.47,0.4,2024-11-21,58,N,VIIRS,n,2.0NRT,275.18,0.54,N
28.47069,7.51276,296.86,0.47,0.4,2024-11-21,58,N,VIIRS,n,2.0NRT,277.95,0.68,N
28.47861,7.50916,302.18,0.47,0.4,2024-11-21,58,N,VIIRS,n,2.0NRT,277.06,1.04,N
28.55915,7.46019,297.17,0.47,0.4,2024-11-21,58,N,VIIRS,n,2.0NRT,272.12,1.05,N
28.57847,7.65504,317.58,0.47,0.39,2024-11-21,58,N,VIIRS,n,2.0NRT,269.57,2.31,N
28.59963,7.26112,302.17,0.48,0.4,2024-11-21,58,N,VIIRS,n,2.0NRT,272.38,0.72,N
28.60026,7.25615,298.67,0.49,0.4,2024-11-21,58,N,VIIRS,n,2.0NRT,273.72,0.72,N
28.63449,9.78412,296.07,0.4,0.37,2024-11-21,58,N,VIIRS,n,2.0NRT,275.79,0.77,N
28.63471,7.53368,295.9,0.47,0.4,2024-11-21,58,N,VIIRS,n,2.0NRT,282.02,0.49,N
28.63515,7.61735,301.6,0.47,0.4,2024-11-21,58,N,VIIRS,n,2.0NRT,281.45,0.8,N
28.63784,9.78475,296.01,0.4,0.37,2024-11-21,58,N,VIIRS,n,2.0NRT,274.51,0.77,N
28.63879,7.61795,318.33,0.47,0.4,2024-11-21,58,N,VIIRS,n,2.0NRT,283.47,0.8,N
28.66055,7.91338,295.92,0.46,0.39,2024-11-21,58,N,VIIRS,n,2.0NRT,283.37,0.39,N
28.68499,7.19512,325.68,0.49,0.4,2024-11-21,58,N,VIIRS,n,2.0NRT,284.76,2.49,N
28.70212,8.93957,313.54,0.42,0.38,2024-11-21,58,N,VIIRS,n,2.0NRT,271.7,1.55,N
28.70957,9.03711,323.53,0.42,0.37,2024-11-21,58,N,VIIRS,n,2.0NRT,278.58,2.21,N
28.72174,7.52038,310.16,0.47,0.4,2024-11-21,58,N,VIIRS,n,2.0NRT,284.36,1.44,N
28.7605,19.64468,320.54,0.55,0.51,2024-11-21,58,N,VIIRS,n,2.0NRT,257.43,3.5,N
28.86638,9.93729,299.64,0.4,0.37,2024-11-21,58,N,VIIRS,n,2.0NRT,267.81,0.39,N
28.89298,9.96727,307.76,0.4,0.37,2024-11-21,58,N,VIIRS,n,2.0NRT,282.99,0.81,N
28.90751,19.77319,337.37,0.55,0.51,2024-11-21,58,N,VIIRS,n,2.0NRT,248,7.33,N
28.91212,19.77459,342.22,0.55,0.51,2024-11-21,58,N,VIIRS,n,2.0NRT,248.72,7.33,N
28.915,9.74588,319.75,0.4,0.37,2024-11-21,58,N,VIIRS,n,2.0NRT,277.97,1.02,N
28.92174,9.74715,306.43,0.4,0.37,2024-11-21,58,N,VIIRS,n,2.0NRT,281.29,0.88,N
28.93538,10.01532,308.17,0.4,0.37,2024-11-21,58,N,VIIRS,n,2.0NRT,284.38,0.78,N
29.2304,19.69507,337.42,0.54,0.51,2024-11-21,58,N,VIIRS,n,2.0NRT,276.73,4.69,N
29.25912,6.49252,299.54,0.54,0.42,2024-11-21,58,N,VIIRS,n,2.0NRT,286.21,1.51,N
29.26689,6.49373,309.66,0.54,0.42,2024-11-21,58,N,VIIRS,n,2.0NRT,285.67,1.59,N
29.26737,6.49506,308.06,0.54,0.42,2024-11-21,58,N,VIIRS,n,2.0NRT,285.44,1.02,N
29.26756,6.48819,315.01,0.54,0.42,2024-11-21,58,N,VIIRS,n,2.0NRT,285.41,1.59,N
29.26802,6.4895,315.91,0.54,0.42,2024-11-21,58,N,VIIRS,n,2.0NRT,285.89,2.64,N
29.50434,6.73705,313.56,0.53,0.42,2024-11-21,58,N,VIIRS,n,2.0NRT,284.8,2.08,N
29.68828,6.69604,309.33,0.53,0.42,2024-11-21,58,N,VIIRS,n,2.0NRT,286.08,1.08,N
29.6915,6.70216,295.84,0.53,0.42,2024-11-21,58,N,VIIRS,n,2.0NRT,285.6,1.32,N
29.69471,6.70827,299.96,0.53,0.42,2024-11-21,58,N,VIIRS,n,2.0NRT,286.13,1.32,N
29.69536,6.70276,331.59,0.53,0.42,2024-11-21,58,N,VIIRS,n,2.0NRT,287.03,1.32,N
29.69857,6.70888,313.47,0.53,0.42,2024-11-21,58,N,VIIRS,n,2.0NRT,286.29,1.32,N
29.70243,6.70948,303.88,0.53,0.42,2024-11-21,58,N,VIIRS,n,2.0NRT,285.34,1.32,N
29.85213,27.94959,298.12,0.76,0.77,2024-11-21,58,N,VIIRS,n,2.0NRT,281.84,0.7,N
29.97948,27.79219,298.6,0.74,0.76,2024-11-21,58,N,VIIRS,n,2.0NRT,282.2,1.14,N
30.1804,7.6877,301.59,0.48,0.4,2024-11-21,58,N,VIIRS,n,2.0NRT,284.4,0.67,N
30.25178,8.08576,300.69,0.46,0.39,2024-11-21,58,N,VIIRS,n,2.0NRT,284.61,0.96,N
30.25204,8.0833,303.62,0.46,0.39,2024-11-21,58,N,VIIRS,n,2.0NRT,284.88,0.79,N
30.2554,8.08637,302.45,0.46,0.39,2024-11-21,58,N,VIIRS,n,2.0NRT,286.05,0.96,N
30.25566,8.08391,300.94,0.46,0.39,2024-11-21,58,N,VIIRS,n,2.0NRT,285.76,1.85,N
30.37038,27.23426,298.15,0.68,0.74,2024-11-21,58,N,VIIRS,n,2.0NRT,279.39,1.67,N
30.38927,7.90711,296.85,0.47,0.4,2024-11-21,58,N,VIIRS,n,2.0NRT,284.6,0.5,N
30.3901,7.90532,295.5,0.47,0.4,2024-11-21,58,N,VIIRS,n,2.0NRT,284.42,0.75,N
30.47002,7.02535,308.41,0.52,0.42,2024-11-21,58,N,VIIRS,n,2.0NRT,284.2,2.04,N
30.47385,7.02597,332.32,0.52,0.42,2024-11-21,58,N,VIIRS,n,2.0NRT,285.75,4.39,N
30.53186,26.08883,295.93,0.58,0.7,2024-11-21,58,N,VIIRS,n,2.0NRT,281.19,1.66,N
30.5335,26.08286,325.51,0.58,0.7,2024-11-21,58,N,VIIRS,n,2.0NRT,281.66,1.66,N
30.66525,8.10275,301.76,0.47,0.4,2024-11-21,58,N,VIIRS,n,2.0NRT,284.5,1,N
30.66967,26.36423,295.71,0.6,0.7,2024-11-21,58,N,VIIRS,n,2.0NRT,280.16,1.28,N
30.70164,27.72572,297.39,0.71,0.75,2024-11-21,58,N,VIIRS,n,2.0NRT,281.73,0.62,N
30.76011,27.10833,303.1,0.65,0.73,2024-11-21,58,N,VIIRS,n,2.0NRT,280.76,3.05,N
30.76202,27.10156,304.47,0.65,0.73,2024-11-21,58,N,VIIRS,n,2.0NRT,280.56,2.19,N
30.76336,27.10473,317.02,0.65,0.73,2024-11-21,58,N,VIIRS,n,2.0NRT,281.7,2.9,N
30.7685,27.10406,309.98,0.65,0.73,2024-11-21,58,N,VIIRS,n,2.0NRT,281.48,2.19,N
30.76985,27.10719,320.72,0.65,0.73,2024-11-21,58,N,VIIRS,n,2.0NRT,281.85,2.55,N
30.82672,26.47075,305.59,0.6,0.71,2024-11-21,58,N,VIIRS,n,2.0NRT,280.88,1.02,N
30.82675,26.47068,305.32,0.6,0.71,2024-11-21,58,N,VIIRS,n,2.0NRT,280.91,1.08,N
30.83547,6.55819,317.98,0.56,0.43,2024-11-21,58,N,VIIRS,n,2.0NRT,285.03,2.79,N
30.85483,26.61912,301.22,0.61,0.71,2024-11-21,58,N,VIIRS,n,2.0NRT,280.19,1.14,N
30.87501,5.64153,344.31,0.42,0.45,2024-11-21,58,N,VIIRS,n,2.0NRT,286.06,6.6,N
30.87917,5.64215,334.81,0.42,0.45,2024-11-21,58,N,VIIRS,n,2.0NRT,286.71,3.47,N
30.8977,5.58682,301.64,0.42,0.45,2024-11-21,58,N,VIIRS,n,2.0NRT,284.54,1.27,N
30.89816,5.58242,311.48,0.42,0.45,2024-11-21,58,N,VIIRS,n,2.0NRT,284.81,1.27,N
30.97753,5.76034,309.38,0.41,0.45,2024-11-21,58,N,VIIRS,n,2.0NRT,285.65,1.4,N
31.00827,8.17474,295.65,0.47,0.4,2024-11-21,58,N,VIIRS,n,2.0NRT,283.94,1.85,N
31.00889,8.16982,323.89,0.47,0.4,2024-11-21,58,N,VIIRS,n,2.0NRT,285.08,1.85,N
31.01314,8.16556,298.83,0.47,0.4,2024-11-21,58,N,VIIRS,n,2.0NRT,285.08,0.63,N
31.01375,8.16067,299.37,0.47,0.4,2024-11-21,58,N,VIIRS,n,2.0NRT,283.76,0.63,N
31.05545,8.03625,329.72,0.48,0.4,2024-11-21,58,N,VIIRS,n,2.0NRT,287.09,2.79,N
31.05607,8.03126,297.09,0.48,0.4,2024-11-21,58,N,VIIRS,n,2.0NRT,284.53,1.42,N
31.09023,26.61452,300,0.6,0.71,2024-11-21,58,N,VIIRS,n,2.0NRT,280.56,0.47,N
31.09107,26.61563,296.82,0.6,0.71,2024-11-21,58,N,VIIRS,n,2.0NRT,280.52,0.58,N
31.17657,8.10436,327.89,0.47,0.4,2024-11-21,58,N,VIIRS,n,2.0NRT,284.68,2.42,N
31.18023,8.10496,323.51,0.47,0.4,2024-11-21,58,N,VIIRS,n,2.0NRT,285.41,2.42,N
31.18539,6.7884,316.65,0.55,0.42,2024-11-21,58,N,VIIRS,n,2.0NRT,285.48,2.76,N
31.1893,6.78903,334.19,0.55,0.42,2024-11-21,58,N,VIIRS,n,2.0NRT,287.83,4.53,N
31.24023,11.81498,315.79,0.38,0.36,2024-11-21,58,N,VIIRS,n,2.0NRT,282.58,0.92,N
31.31709,11.8022,328.87,0.38,0.36,2024-11-21,58,N,VIIRS,n,2.0NRT,285.45,2.34,N
31.35678,6.05274,295.84,0.4,0.44,2024-11-21,58,N,VIIRS,n,2.0NRT,284.71,0.35,N
31.35839,6.05091,317.58,0.4,0.44,2024-11-21,58,N,VIIRS,n,2.0NRT,285.69,1.3,N
31.36087,6.05335,312.25,0.4,0.44,2024-11-21,58,N,VIIRS,n,2.0NRT,285.48,0.65,N
31.39407,6.94077,297.81,0.54,0.42,2024-11-21,58,N,VIIRS,n,2.0NRT,284.86,1.14,N
31.39472,6.93506,325.59,0.54,0.42,2024-11-21,58,N,VIIRS,n,2.0NRT,286.59,1.14,N
31.39597,12.14494,305.36,0.38,0.36,2024-11-21,58,N,VIIRS,n,2.0NRT,283.15,0.79,N
31.39861,6.9357,313.82,0.54,0.42,2024-11-21,58,N,VIIRS,n,2.0NRT,284.77,1.14,N
31.4023,5.97758,300.51,0.4,0.44,2024-11-21,58,N,VIIRS,n,2.0NRT,285.61,4.32,N
31.40277,5.97329,313.46,0.4,0.44,2024-11-21,58,N,VIIRS,n,2.0NRT,285.14,4.32,N
31.40323,5.96898,309.04,0.4,0.45,2024-11-21,58,N,VIIRS,n,2.0NRT,284.62,1.17,N
31.40641,5.97818,327.12,0.4,0.44,2024-11-21,58,N,VIIRS,n,2.0NRT,288.16,4.32,N
31.40687,5.97389,340.55,0.4,0.44,2024-11-21,58,N,VIIRS,n,2.0NRT,290.45,4.32,N
31.5829,5.95572,298.67,0.41,0.45,2024-11-21,58,N,VIIRS,n,2.0NRT,285.68,0.53,N
31.58495,5.95375,330.04,0.41,0.45,2024-11-21,58,N,VIIRS,n,2.0NRT,287.49,1.74,N
31.58862,5.95866,306.3,0.41,0.45,2024-11-21,58,N,VIIRS,n,2.0NRT,285.05,1.74,N
31.59275,5.95928,306.18,0.41,0.45,2024-11-21,58,N,VIIRS,n,2.0NRT,284.99,0.69,N
31.63162,5.98724,297.66,0.41,0.45,2024-11-21,58,N,VIIRS,n,2.0NRT,285.7,0.47,N
31.63255,5.97862,298.4,0.41,0.45,2024-11-21,58,N,VIIRS,n,2.0NRT,285.54,0.97,N
31.64777,9.17125,329.54,0.43,0.38,2024-11-21,58,N,VIIRS,n,2.0NRT,287.93,4.12,N
31.64809,5.9897,301.54,0.41,0.45,2024-11-21,58,N,VIIRS,n,2.0NRT,285.62,0.66,N
31.6611,6.06125,337.97,0.4,0.44,2024-11-21,58,N,VIIRS,n,2.0NRT,288.5,3.59,N
31.66157,6.05698,334.51,0.4,0.44,2024-11-21,58,N,VIIRS,n,2.0NRT,288.45,3.74,N
31.66205,6.05271,339.83,0.4,0.44,2024-11-21,58,N,VIIRS,n,2.0NRT,288.78,3.74,N
31.66252,6.04846,320.27,0.4,0.44,2024-11-21,58,N,VIIRS,n,2.0NRT,285.63,2.72,N
31.6652,6.06192,310.18,0.4,0.44,2024-11-21,58,N,VIIRS,n,2.0NRT,288.61,1.08,N
31.66567,6.05765,319.82,0.4,0.44,2024-11-21,58,N,VIIRS,n,2.0NRT,301.33,20.67,N
31.66615,6.05339,346.79,0.4,0.44,2024-11-21,58,N,VIIRS,n,2.0NRT,291.18,20.67,N
31.66662,6.04912,327.25,0.4,0.44,2024-11-21,58,N,VIIRS,n,2.0NRT,287.04,1.71,N
31.66929,6.06258,297.66,0.4,0.44,2024-11-21,58,N,VIIRS,n,2.0NRT,287.02,1.08,N
31.66977,6.05833,305.36,0.4,0.44,2024-11-21,58,N,VIIRS,n,2.0NRT,287.64,20.67,N
31.67024,6.05406,308.15,0.4,0.44,2024-11-21,58,N,VIIRS,n,2.0NRT,288.63,20.67,N
31.67072,6.04978,296.84,0.4,0.44,2024-11-21,58,N,VIIRS,n,2.0NRT,286.69,1.71,N
31.67274,6.05686,298.52,0.4,0.44,2024-11-21,58,N,VIIRS,n,2.0NRT,286.74,0.67,N
31.6753,6.04612,297.7,0.4,0.44,2024-11-21,58,N,VIIRS,n,2.0NRT,285.91,0.73,N
31.67775,6.04892,299.06,0.4,0.44,2024-11-21,58,N,VIIRS,n,2.0NRT,285.8,0.86,N
31.70376,5.96081,296.64,0.41,0.45,2024-11-21,58,N,VIIRS,n,2.0NRT,285.14,0.34,N
31.70789,5.96141,304.33,0.41,0.45,2024-11-21,58,N,VIIRS,n,2.0NRT,284.94,0.32,N
31.75074,5.22793,306.65,0.45,0.47,2024-11-21,58,N,VIIRS,n,2.0NRT,286.45,1.02,N
31.75501,6.14282,300.26,0.4,0.44,2024-11-21,58,N,VIIRS,n,2.0NRT,285.57,0.3,N
31.77672,5.10494,296.07,0.46,0.47,2024-11-21,58,N,VIIRS,n,2.0NRT,284.41,1.15,N
31.77799,5.10196,323.42,0.46,0.47,2024-11-21,58,N,VIIRS,n,2.0NRT,284.96,1.04,N
31.78106,5.10555,316.95,0.46,0.47,2024-11-21,58,N,VIIRS,n,2.0NRT,285.16,1.15,N
31.78234,5.10258,299,0.46,0.47,2024-11-21,58,N,VIIRS,n,2.0NRT,284.42,1.04,N
31.78451,6.06493,309.71,0.4,0.44,2024-11-21,58,N,VIIRS,n,2.0NRT,286,1.04,N
31.78656,6.06723,299.76,0.4,0.44,2024-11-21,58,N,VIIRS,n,2.0NRT,286.58,0.85,N
31.78701,6.06295,325.56,0.4,0.44,2024-11-21,58,N,VIIRS,n,2.0NRT,287.31,2.02,N
31.80663,5.99583,299.78,0.41,0.45,2024-11-21,58,N,VIIRS,n,2.0NRT,286.6,0.72,N
31.84686,6.05012,306.06,0.4,0.45,2024-11-21,58,N,VIIRS,n,2.0NRT,286.4,0.73,N
31.85098,6.05069,303,0.4,0.45,2024-11-21,58,N,VIIRS,n,2.0NRT,285.67,0.73,N
31.95566,11.14614,317.47,0.39,0.36,2024-11-21,58,N,VIIRS,n,2.0NRT,289.3,1.26,N
31.96069,5.21726,306.9,0.45,0.47,2024-11-21,58,N,VIIRS,n,2.0NRT,285.94,0.53,N
32.13387,6.47066,337.76,0.39,0.44,2024-11-21,58,N,VIIRS,n,2.0NRT,286.1,6.45,N
32.13789,6.47129,337.97,0.39,0.44,2024-11-21,58,N,VIIRS,n,2.0NRT,286.45,3.44,N
32.24514,12.82031,299,0.39,0.36,2024-11-21,58,N,VIIRS,n,2.0NRT,284.95,0.45,N
32.27479,3.98906,295.33,0.53,0.5,2024-11-21,58,N,VIIRS,n,2.0NRT,284.79,0.7,N
32.35318,6.97916,315.42,0.55,0.43,2024-11-21,58,N,VIIRS,n,2.0NRT,284.72,6.47,N
32.35384,6.97328,306.11,0.55,0.43,2024-11-21,58,N,VIIRS,n,2.0NRT,284.6,6.47,N
32.35711,6.97976,314.34,0.55,0.43,2024-11-21,58,N,VIIRS,n,2.0NRT,286.68,6.47,N
32.35777,6.9739,329.44,0.55,0.43,2024-11-21,58,N,VIIRS,n,2.0NRT,286.3,6.47,N
32.40018,4.00586,302.08,0.54,0.5,2024-11-21,58,N,VIIRS,n,2.0NRT,284.31,1.35,N
32.40314,4.00612,306.34,0.54,0.5,2024-11-21,58,N,VIIRS,n,2.0NRT,284.32,1.35,N
32.55361,3.16878,317.35,0.6,0.53,2024-11-21,58,N,VIIRS,n,2.0NRT,283.01,2.9,N
32.62245,14.32797,300.75,0.4,0.37,2024-11-21,58,N,VIIRS,n,2.0NRT,284.91,0.7,N
32.6258,14.3288,313.24,0.4,0.37,2024-11-21,58,N,VIIRS,n,2.0NRT,283.72,0.7,N
32.63411,14.21978,302.15,0.4,0.37,2024-11-21,58,N,VIIRS,n,2.0NRT,288.61,1.6,N
32.68578,12.78329,304.54,0.38,0.36,2024-11-21,58,N,VIIRS,n,2.0NRT,286.21,0.8,N
32.7443,3.18066,301.51,0.6,0.53,2024-11-21,58,N,VIIRS,n,2.0NRT,281.53,1.85,N
32.77671,13.10103,300.36,0.39,0.36,2024-11-21,58,N,VIIRS,n,2.0NRT,287.52,0.59,N
32.78757,12.6992,300.11,0.38,0.36,2024-11-21,58,N,VIIRS,n,2.0NRT,289.43,0.34,N
32.78816,12.67403,312.71,0.38,0.36,2024-11-21,58,N,VIIRS,n,2.0NRT,288.19,1.21,N
32.79086,12.69994,304.16,0.38,0.36,2024-11-21,58,N,VIIRS,n,2.0NRT,289.43,1,N
32.82165,12.97145,307.66,0.39,0.36,2024-11-21,58,N,VIIRS,n,2.0NRT,287.61,0.83,N
32.93143,3.23516,298.59,0.6,0.53,2024-11-21,58,N,VIIRS,n,2.0NRT,281.32,1.36,N
32.93195,3.22859,295.03,0.6,0.53,2024-11-21,58,N,VIIRS,n,2.0NRT,281.49,1.35,N
32.93636,3.23576,298.3,0.6,0.53,2024-11-21,58,N,VIIRS,n,2.0NRT,281.67,1.27,N
32.94675,3.23034,323.22,0.6,0.53,2024-11-21,58,N,VIIRS,n,2.0NRT,281.66,2.17,N
32.94728,3.22378,296,0.6,0.53,2024-11-21,58,N,VIIRS,n,2.0NRT,280.77,2.17,N
32.97471,11.80221,302.47,0.39,0.36,2024-11-21,58,N,VIIRS,n,2.0NRT,285.92,0.51,N
32.97653,11.80515,297.79,0.39,0.36,2024-11-21,58,N,VIIRS,n,2.0NRT,286.02,0.45,N
33.1261,3.31853,307.99,0.6,0.53,2024-11-21,58,N,VIIRS,n,2.0NRT,281.81,2.07,N
33.13719,3.36557,304.32,0.59,0.53,2024-11-21,58,N,VIIRS,n,2.0NRT,281.26,1.6,N
33.75065,12.6817,304.62,0.38,0.36,2024-11-21,58,N,VIIRS,n,2.0NRT,291.46,0.42,N
33.86056,12.0564,329.15,0.39,0.36,2024-11-21,58,N,VIIRS,n,2.0NRT,292.87,2.28,N
33.89186,12.60525,329.56,0.38,0.36,2024-11-21,58,N,VIIRS,n,2.0NRT,293.2,2.14,N
33.92108,12.68014,330.17,0.38,0.36,2024-11-21,58,N,VIIRS,n,2.0NRT,292.58,2.58,N
34.43662,2.05761,306.19,0.36,0.58,2024-11-21,58,N,VIIRS,n,2.0NRT,280.85,0.82,N
34.57114,7.23949,308.95,0.57,0.43,2024-11-21,58,N,VIIRS,n,2.0NRT,284.18,1.35,N
34.98219,5.7155,306.47,0.46,0.47,2024-11-21,58,N,VIIRS,n,2.0NRT,288.25,1.14,N
26.03103,11.97639,312.2,0.4,0.37,2024-11-21,100,N,VIIRS,n,2.0NRT,284,1.28,N
26.03437,11.97707,300.84,0.4,0.37,2024-11-21,100,N,VIIRS,n,2.0NRT,285,0.57,N
26.43331,11.85043,323.09,0.39,0.36,2024-11-21,100,N,VIIRS,n,2.0NRT,283.6,1.61,N
27.79767,0.462,305.23,0.39,0.59,2024-11-21,100,N,VIIRS,n,2.0NRT,285.75,0.78,N
11.14729,19.56485,300.75,0.61,0.71,2024-11-21,102,N,VIIRS,n,2.0NRT,286.33,0.79,N
11.18771,18.41702,303.52,0.51,0.66,2024-11-21,102,N,VIIRS,n,2.0NRT,290.88,0.82,N
11.37041,19.16416,311.17,0.56,0.69,2024-11-21,102,N,VIIRS,n,2.0NRT,289.87,1.67,N
11.37142,19.15927,302.87,0.56,0.69,2024-11-21,102,N,VIIRS,n,2.0NRT,289.23,1.67,N
11.3752,19.16536,327.24,0.57,0.69,2024-11-21,102,N,VIIRS,n,2.0NRT,290.4,2.51,N
11.37621,19.16031,300.48,0.56,0.69,2024-11-21,102,N,VIIRS,n,2.0NRT,288.77,3.09,N
11.37651,19.16654,308.9,0.56,0.69,2024-11-21,102,N,VIIRS,n,2.0NRT,289.43,2.14,N
11.37755,19.16147,310.11,0.56,0.69,2024-11-21,102,N,VIIRS,n,2.0NRT,289.04,2.14,N
11.38036,19.17253,308.32,0.57,0.69,2024-11-21,102,N,VIIRS,n,2.0NRT,289.42,2.51,N
11.38166,19.17354,312.14,0.57,0.69,2024-11-21,102,N,VIIRS,n,2.0NRT,289.81,2.13,N
11.42667,17.41105,299.24,0.43,0.62,2024-11-21,102,N,VIIRS,n,2.0NRT,288.26,0.36,N
11.68368,20.01957,297.97,0.63,0.72,2024-11-21,102,N,VIIRS,n,2.0NRT,286.81,1.37,N
11.72568,17.74338,332.3,0.45,0.63,2024-11-21,102,N,VIIRS,n,2.0NRT,292.12,1.96,N
11.73145,17.74454,310.36,0.45,0.63,2024-11-21,102,N,VIIRS,n,2.0NRT,290.62,1.96,N
11.75532,17.74501,305.05,0.45,0.63,2024-11-21,102,N,VIIRS,n,2.0NRT,289.4,1.49,N
11.75949,17.75437,306.1,0.45,0.63,2024-11-21,102,N,VIIRS,n,2.0NRT,289.33,1.47,N
11.75965,17.75477,300.06,0.45,0.63,2024-11-21,102,N,VIIRS,n,2.0NRT,289.24,1.44,N
11.76029,17.75026,321.47,0.45,0.63,2024-11-21,102,N,VIIRS,n,2.0NRT,289.6,1.47,N
11.76048,17.75066,321.84,0.45,0.63,2024-11-21,102,N,VIIRS,n,2.0NRT,289.63,1.44,N
11.80734,17.7561,297.98,0.45,0.63,2024-11-21,102,N,VIIRS,n,2.0NRT,286.78,0.55,N
11.89938,14.40419,299.69,0.53,0.5,2024-11-21,102,N,VIIRS,n,2.0NRT,286.75,0.81,N
12.05044,20.48637,302.87,0.67,0.74,2024-11-21,102,N,VIIRS,n,2.0NRT,286.54,1.67,N
12.05173,20.48019,304.68,0.67,0.74,2024-11-21,102,N,VIIRS,n,2.0NRT,286.91,1.67,N
12.05364,20.48053,303.96,0.67,0.73,2024-11-21,102,N,VIIRS,n,2.0NRT,286.45,2.33,N
12.05973,20.47554,296.45,0.67,0.73,2024-11-21,102,N,VIIRS,n,2.0NRT,286.13,1.33,N
12.06232,13.71767,297.82,0.48,0.48,2024-11-21,102,N,VIIRS,n,2.0NRT,287.38,0.9,N
12.063,20.46973,301.45,0.67,0.73,2024-11-21,102,N,VIIRS,n,2.0NRT,286.56,1.6,N
12.06581,13.67321,297.48,0.48,0.48,2024-11-21,102,N,VIIRS,n,2.0NRT,285.95,0.36,N
12.06672,13.71851,309.47,0.48,0.48,2024-11-21,102,N,VIIRS,n,2.0NRT,286.55,0.9,N
12.06751,13.71413,303,0.48,0.48,2024-11-21,102,N,VIIRS,n,2.0NRT,287.31,0.9,N
12.07191,13.71496,302.5,0.48,0.48,2024-11-21,102,N,VIIRS,n,2.0NRT,285.8,0.83,N
12.16087,20.91356,308.49,0.71,0.75,2024-11-21,102,N,VIIRS,n,2.0NRT,286.97,2.01,N
12.16227,20.90695,305.58,0.71,0.75,2024-11-21,102,N,VIIRS,n,2.0NRT,287.89,2.01,N
12.16775,20.91514,307.64,0.71,0.75,2024-11-21,102,N,VIIRS,n,2.0NRT,288.59,5.51,N
12.16913,20.90859,367,0.71,0.75,2024-11-21,102,N,VIIRS,h,2.0NRT,292.62,5.51,N
12.16989,20.9363,300.55,0.71,0.75,2024-11-21,102,N,VIIRS,n,2.0NRT,286.62,2.07,N
12.17043,20.93669,302.13,0.71,0.75,2024-11-21,102,N,VIIRS,n,2.0NRT,286.43,2.08,N
12.17051,20.902,303.91,0.71,0.75,2024-11-21,102,N,VIIRS,n,2.0NRT,289.05,11.24,N
12.17278,20.92295,302.36,0.71,0.75,2024-11-21,102,N,VIIRS,n,2.0NRT,288.35,2.24,N
12.17323,20.92333,306.87,0.71,0.75,2024-11-21,102,N,VIIRS,n,2.0NRT,288.67,4.7,N
12.17361,20.45177,308.4,0.66,0.73,2024-11-21,102,N,VIIRS,n,2.0NRT,288.9,1.56,N
12.17419,20.91642,314.87,0.71,0.75,2024-11-21,102,N,VIIRS,n,2.0NRT,289.47,2.24,N
12.17461,20.91678,314.98,0.71,0.75,2024-11-21,102,N,VIIRS,n,2.0NRT,289.76,5.51,N
12.17561,20.9099,316.26,0.71,0.75,2024-11-21,102,N,VIIRS,n,2.0NRT,288.74,4.2,N
12.17598,20.91023,307.61,0.71,0.75,2024-11-21,102,N,VIIRS,n,2.0NRT,288.51,5.51,N
12.17819,20.93127,303.19,0.71,0.75,2024-11-21,102,N,VIIRS,n,2.0NRT,286,2.07,N
12.17869,20.93169,301.4,0.71,0.75,2024-11-21,102,N,VIIRS,n,2.0NRT,285.71,1.55,N
12.17954,20.4503,301.14,0.66,0.73,2024-11-21,102,N,VIIRS,n,2.0NRT,288.95,2.16,N
12.17962,20.92469,300.21,0.71,0.75,2024-11-21,102,N,VIIRS,n,2.0NRT,286.01,2.24,N
12.1805,20.48532,298.78,0.66,0.73,2024-11-21,102,N,VIIRS,n,2.0NRT,287.78,0.4,N
12.18238,19.71613,311.61,0.59,0.7,2024-11-21,102,N,VIIRS,n,2.0NRT,289.16,3.19,N
12.18654,19.72853,303.75,0.59,0.7,2024-11-21,102,N,VIIRS,n,2.0NRT,288.37,1.31,N
12.19337,20.4853,300.37,0.67,0.73,2024-11-21,102,N,VIIRS,n,2.0NRT,288.51,0.71,N
12.19397,20.48813,300.37,0.66,0.73,2024-11-21,102,N,VIIRS,n,2.0NRT,287.53,0.63,N
12.19412,19.72437,301.16,0.59,0.7,2024-11-21,102,N,VIIRS,n,2.0NRT,288.7,1.8,N
12.20009,20.48678,299.03,0.67,0.73,2024-11-21,102,N,VIIRS,n,2.0NRT,288.13,0.71,N
12.20169,19.72025,323.08,0.59,0.7,2024-11-21,102,N,VIIRS,n,2.0NRT,288.87,3.74,N
12.20681,20.48828,316.07,0.67,0.73,2024-11-21,102,N,VIIRS,n,2.0NRT,288.3,3.97,N
12.20872,20.48491,314.27,0.66,0.73,2024-11-21,102,N,VIIRS,n,2.0NRT,289.25,3.45,N
12.21544,20.48637,305.11,0.66,0.73,2024-11-21,102,N,VIIRS,n,2.0NRT,288.38,2.16,N
12.21679,19.7121,303.13,0.59,0.7,2024-11-21,102,N,VIIRS,n,2.0NRT,288.71,1.4,N
12.217,19.71298,299.64,0.59,0.7,2024-11-21,102,N,VIIRS,n,2.0NRT,288.72,1.21,N
12.21791,19.70659,303.43,0.59,0.7,2024-11-21,102,N,VIIRS,n,2.0NRT,289.08,1.25,N
12.21816,19.70748,304.46,0.59,0.7,2024-11-21,102,N,VIIRS,n,2.0NRT,289.04,1.21,N
12.21904,19.70109,303.49,0.59,0.7,2024-11-21,102,N,VIIRS,n,2.0NRT,289.17,1.25,N
12.21932,19.70199,304.56,0.59,0.7,2024-11-21,102,N,VIIRS,n,2.0NRT,288.91,1.94,N
12.22059,20.46195,318.88,0.66,0.73,2024-11-21,102,N,VIIRS,n,2.0NRT,289.47,7.32,N
12.22215,20.48784,317.12,0.66,0.73,2024-11-21,102,N,VIIRS,n,2.0NRT,288.14,2.16,N
12.22602,20.46951,308.97,0.66,0.73,2024-11-21,102,N,VIIRS,n,2.0NRT,289.29,6.37,N
12.2273,20.46343,349.13,0.66,0.73,2024-11-21,102,N,VIIRS,n,2.0NRT,292.69,7.32,N
12.23016,20.48321,306.45,0.66,0.73,2024-11-21,102,N,VIIRS,n,2.0NRT,289.18,2.41,N
12.23273,20.471,299.84,0.66,0.73,2024-11-21,102,N,VIIRS,n,2.0NRT,289.64,3.86,N
12.234,20.46494,314.24,0.66,0.73,2024-11-21,102,N,VIIRS,n,2.0NRT,289.61,4.27,N
12.23528,20.45886,298.19,0.66,0.73,2024-11-21,102,N,VIIRS,n,2.0NRT,288.06,4.27,N
12.23686,20.48476,325.99,0.66,0.73,2024-11-21,102,N,VIIRS,n,2.0NRT,289.04,2.41,N
12.23943,20.47252,302.66,0.66,0.73,2024-11-21,102,N,VIIRS,n,2.0NRT,289.47,3.86,N
12.2407,20.46646,342.54,0.66,0.73,2024-11-21,102,N,VIIRS,n,2.0NRT,290.86,4.27,N
12.24355,20.48635,301.85,0.66,0.73,2024-11-21,102,N,VIIRS,n,2.0NRT,287.37,0.92,N
12.24484,20.4802,304.82,0.66,0.73,2024-11-21,102,N,VIIRS,n,2.0NRT,289.1,2.39,N
12.24612,20.47409,317.19,0.66,0.73,2024-11-21,102,N,VIIRS,n,2.0NRT,289.55,2.39,N
12.3596,13.51781,297.48,0.46,0.47,2024-11-21,102,N,VIIRS,n,2.0NRT,286.58,0.51,N
12.36138,13.51626,299.49,0.46,0.47,2024-11-21,102,N,VIIRS,n,2.0NRT,285.6,0.48,N
12.41755,17.63293,299.89,0.43,0.62,2024-11-21,102,N,VIIRS,n,2.0NRT,285.66,0.71,N
12.5353,17.46557,302.43,0.42,0.61,2024-11-21,102,N,VIIRS,n,2.0NRT,290.41,1.61,N
12.53681,17.45789,304.78,0.42,0.61,2024-11-21,102,N,VIIRS,n,2.0NRT,289.86,2.02,N
12.53711,17.48592,306.29,0.42,0.61,2024-11-21,102,N,VIIRS,n,2.0NRT,290.08,1.07,N
12.53786,17.48207,308.29,0.42,0.61,2024-11-21,102,N,VIIRS,n,2.0NRT,290.14,1.07,N
12.53862,17.47823,313.55,0.42,0.61,2024-11-21,102,N,VIIRS,n,2.0NRT,290.34,1.39,N
12.53937,17.4744,303.54,0.42,0.61,2024-11-21,102,N,VIIRS,n,2.0NRT,290.08,1.39,N
12.54012,17.47056,326.02,0.42,0.61,2024-11-21,102,N,VIIRS,n,2.0NRT,291.18,1.61,N
12.54088,17.46673,316.32,0.42,0.61,2024-11-21,102,N,VIIRS,n,2.0NRT,290.98,1.61,N
12.63225,13.24707,319.43,0.44,0.46,2024-11-21,102,N,VIIRS,n,2.0NRT,288.74,2.01,N
12.64419,13.25345,308.53,0.44,0.46,2024-11-21,102,N,VIIRS,n,2.0NRT,288.3,1.02,N
12.65975,13.23983,300.32,0.44,0.46,2024-11-21,102,N,VIIRS,n,2.0NRT,286.87,1.31,N
13.08345,19.05942,302.67,0.52,0.67,2024-11-21,102,N,VIIRS,n,2.0NRT,286.98,1.29,N
13.08443,19.05465,306.5,0.52,0.67,2024-11-21,102,N,VIIRS,n,2.0NRT,286.63,1.29,N
13.08954,19.06074,312.05,0.52,0.67,2024-11-21,102,N,VIIRS,n,2.0NRT,287.23,2.69,N
13.09466,19.06685,303.59,0.52,0.67,2024-11-21,102,N,VIIRS,n,2.0NRT,286.32,1.67,N
13.09977,19.07298,300.39,0.52,0.67,2024-11-21,102,N,VIIRS,n,2.0NRT,286.08,1.35,N
13.10468,19.0751,296.31,0.52,0.67,2024-11-21,102,N,VIIRS,n,2.0NRT,285.23,1.72,N
13.10489,19.07912,299.33,0.52,0.67,2024-11-21,102,N,VIIRS,n,2.0NRT,286.56,1.11,N
13.10877,19.08595,304.54,0.52,0.67,2024-11-21,102,N,VIIRS,n,2.0NRT,287,1.62,N
13.10905,19.09,301.23,0.52,0.67,2024-11-21,102,N,VIIRS,n,2.0NRT,286.7,1.56,N
13.11001,19.08523,306.62,0.52,0.67,2024-11-21,102,N,VIIRS,n,2.0NRT,286.91,1.76,N
13.11086,19.10639,302.53,0.52,0.67,2024-11-21,102,N,VIIRS,n,2.0NRT,286.97,1.67,N
13.11126,19.11053,307.93,0.52,0.67,2024-11-21,102,N,VIIRS,n,2.0NRT,286.88,2.63,N
13.11186,19.1016,299.46,0.52,0.67,2024-11-21,102,N,VIIRS,n,2.0NRT,286.62,1.27,N
13.11223,19.10572,315.16,0.52,0.67,2024-11-21,102,N,VIIRS,n,2.0NRT,287.52,2.38,N
13.11286,19.09681,311.78,0.52,0.67,2024-11-21,102,N,VIIRS,n,2.0NRT,287.17,1.27,N
13.1132,19.10092,313.27,0.52,0.67,2024-11-21,102,N,VIIRS,n,2.0NRT,286.93,2.38,N
13.11386,19.09204,307.67,0.52,0.67,2024-11-21,102,N,VIIRS,n,2.0NRT,286.52,2.7,N
13.11417,19.09613,314.86,0.52,0.67,2024-11-21,102,N,VIIRS,n,2.0NRT,287.36,1.56,N
13.11495,19.11732,299.68,0.52,0.67,2024-11-21,102,N,VIIRS,n,2.0NRT,285.61,2.04,N
13.11514,19.09135,299.82,0.52,0.67,2024-11-21,102,N,VIIRS,n,2.0NRT,285.89,1.56,N
13.11596,19.1125,312.25,0.52,0.67,2024-11-21,102,N,VIIRS,n,2.0NRT,286.36,1.67,N
13.11639,19.11669,298.96,0.52,0.67,2024-11-21,102,N,VIIRS,n,2.0NRT,285.79,0.66,N
13.11696,19.1077,306.75,0.52,0.67,2024-11-21,102,N,VIIRS,n,2.0NRT,286.59,1.67,N
13.11737,19.11186,302.92,0.52,0.67,2024-11-21,102,N,VIIRS,n,2.0NRT,285.9,0.66,N
13.11797,19.1029,302.92,0.52,0.67,2024-11-21,102,N,VIIRS,n,2.0NRT,286.15,1.27,N
13.11897,19.09812,298.23,0.52,0.67,2024-11-21,102,N,VIIRS,n,2.0NRT,285.81,1.27,N
13.36207,12.81665,306.38,0.4,0.44,2024-11-21,102,N,VIIRS,n,2.0NRT,288.64,0.64,N
13.8001,13.92564,306.87,0.46,0.47,2024-11-21,102,N,VIIRS,n,2.0NRT,291.92,1.16,N
13.80284,13.92796,333.73,0.46,0.47,2024-11-21,102,N,VIIRS,n,2.0NRT,291.39,2.82,N
13.8036,13.92372,319.6,0.46,0.47,2024-11-21,102,N,VIIRS,n,2.0NRT,291.39,3.47,N
13.80443,13.92646,338.05,0.46,0.47,2024-11-21,102,N,VIIRS,n,2.0NRT,291.45,3.62,N
14.0731,13.06124,302.84,0.4,0.44,2024-11-21,102,N,VIIRS,n,2.0NRT,285.37,0.95,N
14.07717,13.06202,315.76,0.4,0.44,2024-11-21,102,N,VIIRS,n,2.0NRT,286.06,0.95,N
14.25023,-0.54115,295.79,0.62,0.54,2024-11-21,102,N,VIIRS,n,2.0NRT,285.61,0.38,N
14.25523,-0.54049,308.53,0.62,0.54,2024-11-21,102,N,VIIRS,n,2.0NRT,286.84,0.77,N
14.25625,-0.97419,310.57,0.33,0.56,2024-11-21,102,N,VIIRS,n,2.0NRT,292.95,1.13,N
14.25663,-0.97736,303.34,0.33,0.56,2024-11-21,102,N,VIIRS,n,2.0NRT,293.16,1.13,N
14.26022,-0.53982,300.18,0.62,0.54,2024-11-21,102,N,VIIRS,n,2.0NRT,286.37,0.77,N
14.26063,-0.967,308.92,0.33,0.55,2024-11-21,102,N,VIIRS,n,2.0NRT,293.07,1.69,N
14.26521,-0.53915,298.77,0.62,0.54,2024-11-21,102,N,VIIRS,n,2.0NRT,285.54,0.57,N
14.27075,-0.54183,297.87,0.62,0.54,2024-11-21,102,N,VIIRS,n,2.0NRT,287.17,2.11,N
14.27519,-0.53779,313.02,0.62,0.54,2024-11-21,102,N,VIIRS,n,2.0NRT,286.38,3.04,N
14.27574,-0.54116,325.79,0.62,0.54,2024-11-21,102,N,VIIRS,n,2.0NRT,288.04,2.11,N
14.27592,-0.54361,308.96,0.62,0.54,2024-11-21,102,N,VIIRS,n,2.0NRT,287.82,4.89,N
14.28074,-0.5405,338.52,0.62,0.54,2024-11-21,102,N,VIIRS,n,2.0NRT,289.32,3.84,N
14.28092,-0.54297,347.13,0.62,0.54,2024-11-21,102,N,VIIRS,n,2.0NRT,290.37,4.89,N
14.28143,-0.54636,320.72,0.62,0.54,2024-11-21,102,N,VIIRS,n,2.0NRT,287.9,3.36,N
14.28165,-0.54883,318,0.62,0.54,2024-11-21,102,N,VIIRS,n,2.0NRT,287.02,4.89,N
14.28213,-0.55226,311.31,0.63,0.54,2024-11-21,102,N,VIIRS,n,2.0NRT,286.46,3.36,N
14.28574,-0.53986,302.02,0.62,0.54,2024-11-21,102,N,VIIRS,n,2.0NRT,285.14,3.84,N
14.28592,-0.54235,311.17,0.62,0.54,2024-11-21,102,N,VIIRS,n,2.0NRT,285.81,2.2,N
14.28644,-0.54574,315.05,0.62,0.54,2024-11-21,102,N,VIIRS,n,2.0NRT,286.08,3.36,N
14.28666,-0.54821,317.97,0.62,0.54,2024-11-21,102,N,VIIRS,n,2.0NRT,286.03,2.2,N
14.28713,-0.55162,309.07,0.63,0.54,2024-11-21,102,N,VIIRS,n,2.0NRT,286.34,3.36,N
14.28739,-0.55408,315.02,0.62,0.54,2024-11-21,102,N,VIIRS,n,2.0NRT,286.14,2.39,N
14.28782,-0.55749,309.76,0.63,0.54,2024-11-21,102,N,VIIRS,n,2.0NRT,285.35,1.69,N
14.28921,-0.56922,317.02,0.63,0.54,2024-11-21,102,N,VIIRS,n,2.0NRT,285.82,3.19,N
14.2896,-0.57163,335.22,0.63,0.54,2024-11-21,102,N,VIIRS,n,2.0NRT,287.83,4.79,N
14.2899,-0.57507,323.79,0.63,0.54,2024-11-21,102,N,VIIRS,n,2.0NRT,287.64,3.19,N
14.29422,-0.56856,308.07,0.63,0.54,2024-11-21,102,N,VIIRS,n,2.0NRT,285.88,3.84,N
14.29461,-0.57098,338.25,0.63,0.54,2024-11-21,102,N,VIIRS,n,2.0NRT,287.91,4.79,N
14.29491,-0.57441,329.6,0.63,0.54,2024-11-21,102,N,VIIRS,n,2.0NRT,288.3,3.84,N
14.29962,-0.57033,301.36,0.63,0.54,2024-11-21,102,N,VIIRS,n,2.0NRT,286.61,1.61,N
14.29992,-0.57375,329.11,0.63,0.54,2024-11-21,102,N,VIIRS,n,2.0NRT,288.46,3.84,N
14.30035,-0.57618,327.66,0.63,0.54,2024-11-21,102,N,VIIRS,n,2.0NRT,288.34,2.61,N
14.30493,-0.57309,307.95,0.63,0.54,2024-11-21,102,N,VIIRS,n,2.0NRT,285.72,1.39,N
14.30536,-0.57553,310.01,0.63,0.54,2024-11-21,102,N,VIIRS,n,2.0NRT,286.64,2.61,N
14.30563,-0.57896,317.48,0.63,0.54,2024-11-21,102,N,VIIRS,n,2.0NRT,287.2,2.16,N
14.30611,-0.5814,314.56,0.63,0.54,2024-11-21,102,N,VIIRS,n,2.0NRT,286.52,2.61,N
14.30633,-0.58485,297.08,0.63,0.54,2024-11-21,102,N,VIIRS,n,2.0NRT,285.62,2.16,N
14.31202,-0.67577,308.42,0.32,0.54,2024-11-21,102,N,VIIRS,n,2.0NRT,286.2,0.72,N
14.63825,-0.84624,301.04,0.33,0.55,2024-11-21,102,N,VIIRS,n,2.0NRT,287.61,0.7,N
14.63964,0.97863,300.44,0.5,0.49,2024-11-21,102,N,VIIRS,n,2.0NRT,288.47,1.34,N
14.64417,0.97927,313.1,0.5,0.49,2024-11-21,102,N,VIIRS,n,2.0NRT,289.03,1.34,N
15.38836,1.4516,311.53,0.48,0.48,2024-11-21,102,N,VIIRS,n,2.0NRT,289.33,1.51,N
15.38894,1.44713,310.18,0.48,0.48,2024-11-21,102,N,VIIRS,n,2.0NRT,289.33,1.73,N
15.39279,1.45224,310.83,0.48,0.48,2024-11-21,102,N,VIIRS,n,2.0NRT,288.12,0.8,N
15.46396,-2.43674,310.42,0.43,0.62,2024-11-21,102,N,VIIRS,n,2.0NRT,287.78,1.35,N
15.46454,-2.43682,309.74,0.43,0.62,2024-11-21,102,N,VIIRS,n,2.0NRT,287.86,1.36,N
15.71935,-0.06767,300.59,0.61,0.53,2024-11-21,102,N,VIIRS,n,2.0NRT,289.93,2.27,N
15.72642,-0.07141,316.22,0.61,0.53,2024-11-21,102,N,VIIRS,n,2.0NRT,290.53,3.12,N
15.72921,-0.06635,315.91,0.61,0.53,2024-11-21,102,N,VIIRS,n,2.0NRT,291.05,3.37,N
15.73628,-0.07001,302.43,0.61,0.53,2024-11-21,102,N,VIIRS,n,2.0NRT,290.69,1.12,N
16.57862,4.45646,317.38,0.49,0.4,2024-11-21,102,N,VIIRS,n,2.0NRT,289.08,4.78,N
16.57926,4.45186,329.45,0.49,0.4,2024-11-21,102,N,VIIRS,n,2.0NRT,289.6,4.78,N
16.58234,4.45703,343.17,0.49,0.4,2024-11-21,102,N,VIIRS,n,2.0NRT,291.56,4.78,N
16.58543,4.46219,309.8,0.49,0.4,2024-11-21,102,N,VIIRS,n,2.0NRT,288.16,1.81,N
16.58607,4.45758,321.97,0.49,0.4,2024-11-21,102,N,VIIRS,n,2.0NRT,289.61,2.96,N
16.58915,4.46274,310.48,0.49,0.4,2024-11-21,102,N,VIIRS,n,2.0NRT,288.41,1.81,N
16.58979,4.45814,327.93,0.49,0.4,2024-11-21,102,N,VIIRS,n,2.0NRT,288.79,2.96,N
16.59288,4.46331,317.12,0.49,0.4,2024-11-21,102,N,VIIRS,n,2.0NRT,288.24,1.37,N
16.5966,4.46387,307.4,0.49,0.4,2024-11-21,102,N,VIIRS,n,2.0NRT,287.12,1.37,N
16.71534,1.8165,304.79,0.47,0.48,2024-11-21,102,N,VIIRS,n,2.0NRT,288.77,1.89,N
16.7159,1.81205,342.8,0.47,0.48,2024-11-21,102,N,VIIRS,n,2.0NRT,292.62,3.94,N
16.71646,1.80758,314.55,0.47,0.48,2024-11-21,102,N,VIIRS,n,2.0NRT,291.04,3.94,N
16.71974,1.81711,306.84,0.47,0.48,2024-11-21,102,N,VIIRS,n,2.0NRT,289.75,1.22,N
16.72086,1.80823,324.14,0.47,0.48,2024-11-21,102,N,VIIRS,n,2.0NRT,291.07,2.35,N
16.72414,1.81773,315.16,0.47,0.48,2024-11-21,102,N,VIIRS,n,2.0NRT,289.1,1.22,N
16.7247,1.81331,303.09,0.47,0.48,2024-11-21,102,N,VIIRS,n,2.0NRT,289.54,2.35,N
16.72854,1.81834,318.6,0.47,0.48,2024-11-21,102,N,VIIRS,n,2.0NRT,288.99,1.92,N
17.75071,1.68497,302.19,0.49,0.49,2024-11-21,102,N,VIIRS,n,2.0NRT,287.84,1.26,N
17.75362,1.68721,311.27,0.49,0.49,2024-11-21,102,N,VIIRS,n,2.0NRT,287.91,0.9,N
17.75521,1.68558,314.51,0.49,0.49,2024-11-21,102,N,VIIRS,n,2.0NRT,288.43,1.26,N
17.75812,1.68781,305.41,0.49,0.49,2024-11-21,102,N,VIIRS,n,2.0NRT,287.79,0.9,N
5.15617,15.40549,299.32,0.41,0.6,2024-11-21,104,N,VIIRS,n,2.0NRT,277.77,0.43,N
5.19053,8.27321,308.92,0.44,0.38,2024-11-21,104,N,VIIRS,n,2.0NRT,293.12,1.52,N
5.56885,6.30666,309.87,0.39,0.36,2024-11-21,104,N,VIIRS,n,2.0NRT,292.79,0.67,N
5.5694,6.30318,305.25,0.39,0.36,2024-11-21,104,N,VIIRS,n,2.0NRT,292.65,0.78,N
5.62012,6.81408,317.11,0.39,0.36,2024-11-21,104,N,VIIRS,n,2.0NRT,289.01,1.19,N
5.66043,6.51801,332.02,0.39,0.36,2024-11-21,104,N,VIIRS,n,2.0NRT,292.63,2.08,N
5.66099,6.51452,306.05,0.39,0.36,2024-11-21,104,N,VIIRS,n,2.0NRT,291.65,2.08,N
5.66653,6.39382,304.75,0.39,0.36,2024-11-21,104,N,VIIRS,n,2.0NRT,292.09,0.43,N
5.67041,6.39087,304.24,0.39,0.36,2024-11-21,104,N,VIIRS,n,2.0NRT,292.18,0.23,N
5.68536,6.36112,327.7,0.39,0.36,2024-11-21,104,N,VIIRS,n,2.0NRT,293.86,3.79,N
5.68591,6.35764,324.18,0.39,0.36,2024-11-21,104,N,VIIRS,n,2.0NRT,293.25,4.17,N
5.68654,6.59025,326.8,0.39,0.36,2024-11-21,104,N,VIIRS,n,2.0NRT,291.87,2.08,N
5.68709,6.58674,311.05,0.39,0.36,2024-11-21,104,N,VIIRS,n,2.0NRT,291.24,1.67,N
5.68824,5.37878,311.1,0.39,0.36,2024-11-21,104,N,VIIRS,n,2.0NRT,293.95,1.59,N
5.71252,6.38325,306.85,0.39,0.36,2024-11-21,104,N,VIIRS,n,2.0NRT,292.39,0.52,N
5.71643,6.42314,305.49,0.39,0.36,2024-11-21,104,N,VIIRS,n,2.0NRT,292.6,1.09,N
5.71698,6.41965,322.14,0.39,0.36,2024-11-21,104,N,VIIRS,n,2.0NRT,293.01,1.62,N
5.72962,6.65808,312.22,0.39,0.36,2024-11-21,104,N,VIIRS,n,2.0NRT,292.43,1.47,N
5.73414,6.39737,310.34,0.39,0.36,2024-11-21,104,N,VIIRS,n,2.0NRT,293.65,1.2,N
5.73469,6.39389,315.56,0.39,0.36,2024-11-21,104,N,VIIRS,n,2.0NRT,292.75,1.51,N
5.78538,5.42947,310.9,0.38,0.36,2024-11-21,104,N,VIIRS,n,2.0NRT,294.71,1.12,N
5.83166,5.25942,319.26,0.39,0.36,2024-11-21,104,N,VIIRS,n,2.0NRT,293.58,1.38,N
5.89981,5.58262,331.15,0.38,0.36,2024-11-21,104,N,VIIRS,n,2.0NRT,291.41,5.26,N
5.92444,5.31659,325.87,0.39,0.36,2024-11-21,104,N,VIIRS,n,2.0NRT,294.18,2.03,N
5.94974,5.0492,331.08,0.39,0.36,2024-11-21,104,N,VIIRS,n,2.0NRT,292.11,3.88,N
5.95307,5.04972,331.13,0.39,0.36,2024-11-21,104,N,VIIRS,n,2.0NRT,294.72,3.88,N
6.01432,5.86611,335.75,0.38,0.36,2024-11-21,104,N,VIIRS,n,2.0NRT,294.6,7.69,N
6.06169,5.58656,333.14,0.38,0.36,2024-11-21,104,N,VIIRS,n,2.0NRT,292.22,2.31,N
6.06462,5.43792,327.89,0.39,0.36,2024-11-21,104,N,VIIRS,n,2.0NRT,289.97,2.63,N
6.06501,5.58708,303.85,0.38,0.36,2024-11-21,104,N,VIIRS,n,2.0NRT,290.98,2.31,N
6.13259,7.41446,305.37,0.4,0.37,2024-11-21,104,N,VIIRS,n,2.0NRT,289.64,1.14,N
6.13598,7.41497,321.34,0.4,0.37,2024-11-21,104,N,VIIRS,n,2.0NRT,290.39,1.51,N
6.13657,7.41136,315.24,0.4,0.37,2024-11-21,104,N,VIIRS,n,2.0NRT,290.15,1.51,N
6.39519,5.7279,314.47,0.38,0.36,2024-11-21,104,N,VIIRS,n,2.0NRT,291.51,1.01,N
6.40891,5.68024,315.31,0.38,0.36,2024-11-21,104,N,VIIRS,n,2.0NRT,292.26,1.13,N
6.46096,4.00725,308.18,0.41,0.37,2024-11-21,104,N,VIIRS,n,2.0NRT,294.91,1.62,N
6.46138,7.25601,306.31,0.4,0.37,2024-11-21,104,N,VIIRS,n,2.0NRT,290,0.75,N
6.48326,3.99923,335.29,0.41,0.37,2024-11-21,104,N,VIIRS,n,2.0NRT,294.48,5.94,N
6.48383,3.9955,307,0.41,0.37,2024-11-21,104,N,VIIRS,n,2.0NRT,293.03,3.32,N
6.4867,3.99975,333.48,0.41,0.37,2024-11-21,104,N,VIIRS,n,2.0NRT,294.6,5.94,N
6.48727,3.99603,305.57,0.41,0.37,2024-11-21,104,N,VIIRS,n,2.0NRT,292.99,3.32,N
6.54934,7.42863,304.51,0.4,0.37,2024-11-21,104,N,VIIRS,n,2.0NRT,290.18,0.52,N
6.62251,1.57341,306.81,0.54,0.42,2024-11-21,104,N,VIIRS,n,2.0NRT,293.52,0.94,N
6.73681,4.71063,306.4,0.4,0.37,2024-11-21,104,N,VIIRS,n,2.0NRT,293.2,0.91,N
7.09782,11.86237,297.69,0.44,0.46,2024-11-21,104,N,VIIRS,n,2.0NRT,283.84,0.21,N
7.1487,2.65083,306.59,0.48,0.4,2024-11-21,104,N,VIIRS,n,2.0NRT,294.01,0.69,N
7.20691,0.94416,301.64,0.4,0.44,2024-11-21,104,N,VIIRS,n,2.0NRT,291.32,1.85,N
7.29242,5.98311,307.44,0.38,0.36,2024-11-21,104,N,VIIRS,n,2.0NRT,290.77,1.07,N
7.35272,6.39737,302.18,0.38,0.36,2024-11-21,104,N,VIIRS,n,2.0NRT,289.9,0.63,N
7.35493,6.40483,306.87,0.38,0.36,2024-11-21,104,N,VIIRS,n,2.0NRT,290.44,0.95,N
7.35548,6.40136,308.49,0.38,0.36,2024-11-21,104,N,VIIRS,n,2.0NRT,289.66,1.57,N
7.47044,6.6581,304.64,0.39,0.36,2024-11-21,104,N,VIIRS,n,2.0NRT,290.55,1,N
7.51715,5.75878,321.44,0.39,0.36,2024-11-21,104,N,VIIRS,n,2.0NRT,291.63,1.66,N
7.52639,-7.5145,300.97,0.74,0.76,2024-11-21,104,N,VIIRS,n,2.0NRT,287.3,1.44,N
7.5299,-7.51364,301.6,0.74,0.76,2024-11-21,104,N,VIIRS,n,2.0NRT,287.09,0.86,N
7.57608,-0.94988,300.91,0.54,0.51,2024-11-21,104,N,VIIRS,n,2.0NRT,290.16,0.63,N
7.6187,1.8022,304.07,0.54,0.42,2024-11-21,104,N,VIIRS,n,2.0NRT,290.81,1.03,N
7.75267,0.6015,303.71,0.43,0.46,2024-11-21,104,N,VIIRS,n,2.0NRT,291.52,0.7,N
7.83061,13.42109,303.93,0.54,0.51,2024-11-21,104,N,VIIRS,n,2.0NRT,289.86,1.94,N
7.83281,13.41849,312.17,0.54,0.51,2024-11-21,104,N,VIIRS,n,2.0NRT,289.37,1.79,N
7.83455,1.85405,302.68,0.54,0.42,2024-11-21,104,N,VIIRS,n,2.0NRT,289.69,0.63,N
7.83524,13.42196,311.42,0.54,0.51,2024-11-21,104,N,VIIRS,n,2.0NRT,288.96,1.94,N
7.83608,13.41724,317.83,0.54,0.51,2024-11-21,104,N,VIIRS,n,2.0NRT,289.66,1.94,N
7.83656,13.42455,300.33,0.54,0.51,2024-11-21,104,N,VIIRS,n,2.0NRT,288.23,2.02,N
7.83746,13.41926,327.85,0.54,0.51,2024-11-21,104,N,VIIRS,n,2.0NRT,289.64,2.02,N
7.92728,6.42447,304.92,0.38,0.36,2024-11-21,104,N,VIIRS,n,2.0NRT,290.76,0.65,N
7.98254,0.92373,300.64,0.41,0.45,2024-11-21,104,N,VIIRS,n,2.0NRT,290.6,0.63,N
7.98306,0.92004,302.33,0.41,0.45,2024-11-21,104,N,VIIRS,n,2.0NRT,291.54,1.1,N
7.98517,0.92138,325.78,0.41,0.45,2024-11-21,104,N,VIIRS,n,2.0NRT,292.73,2.52,N
7.98666,0.92446,301.72,0.41,0.45,2024-11-21,104,N,VIIRS,n,2.0NRT,291.17,0.63,N
7.98717,0.92079,309.4,0.41,0.45,2024-11-21,104,N,VIIRS,n,2.0NRT,291.72,1.1,N
8.17972,-7.53595,299.12,0.76,0.77,2024-11-21,104,N,VIIRS,n,2.0NRT,288.04,1.65,N
8.25772,5.85059,299.59,0.39,0.36,2024-11-21,104,N,VIIRS,n,2.0NRT,289.49,0.36,N
8.53727,16.79499,306.78,0.44,0.62,2024-11-21,104,N,VIIRS,n,2.0NRT,291.32,0.77,N
8.55537,-1.0592,301.28,0.56,0.52,2024-11-21,104,N,VIIRS,n,2.0NRT,289.79,0.59,N
8.78273,20.16786,312.15,0.73,0.76,2024-11-21,104,N,VIIRS,n,2.0NRT,288.74,2.39,N
8.82194,16.51794,304.29,0.42,0.61,2024-11-21,104,N,VIIRS,n,2.0NRT,291.66,0.5,N
8.82553,-3.29335,317.48,0.4,0.6,2024-11-21,104,N,VIIRS,n,2.0NRT,288.64,1.54,N
8.92971,-2.01825,302,0.33,0.55,2024-11-21,104,N,VIIRS,n,2.0NRT,289.17,0.43,N
8.96169,0.12438,301.23,0.48,0.48,2024-11-21,104,N,VIIRS,n,2.0NRT,290.88,1.26,N
8.96504,0.12372,302.87,0.48,0.48,2024-11-21,104,N,VIIRS,n,2.0NRT,291.06,1.04,N
8.97127,8.98972,312.67,0.43,0.38,2024-11-21,104,N,VIIRS,n,2.0NRT,294.35,1.38,N
8.97649,-0.40463,303.41,0.52,0.5,2024-11-21,104,N,VIIRS,n,2.0NRT,290.11,0.38,N
9.00923,0.22697,303.84,0.47,0.48,2024-11-21,104,N,VIIRS,n,2.0NRT,290.46,0.69,N
9.15915,0.43577,307.8,0.46,0.47,2024-11-21,104,N,VIIRS,n,2.0NRT,293.07,2.06,N
9.16152,-0.90398,315.46,0.56,0.52,2024-11-21,104,N,VIIRS,n,2.0NRT,291.13,2.52,N
9.16223,-0.90918,317,0.56,0.52,2024-11-21,104,N,VIIRS,n,2.0NRT,291.08,2.75,N
9.16576,-0.93499,303.96,0.56,0.52,2024-11-21,104,N,VIIRS,n,2.0NRT,290.97,1.08,N
9.16628,-0.90328,308.01,0.56,0.52,2024-11-21,104,N,VIIRS,n,2.0NRT,290.72,1.56,N
9.17434,-1.25341,307.91,0.59,0.53,2024-11-21,104,N,VIIRS,n,2.0NRT,290.01,1.56,N
9.17549,7.13863,303.05,0.39,0.36,2024-11-21,104,N,VIIRS,n,2.0NRT,291.09,0.2,N
9.20388,-0.74574,299.98,0.55,0.51,2024-11-21,104,N,VIIRS,n,2.0NRT,289.6,0.5,N
9.2043,14.2195,316.56,0.58,0.52,2024-11-21,104,N,VIIRS,n,2.0NRT,293.46,1.68,N
9.2049,14.21834,313.92,0.58,0.52,2024-11-21,104,N,VIIRS,n,2.0NRT,293.36,2.27,N
9.46275,-2.18595,302.32,0.35,0.56,2024-11-21,104,N,VIIRS,n,2.0NRT,290.04,0.99,N
9.46386,7.36859,305.36,0.39,0.36,2024-11-21,104,N,VIIRS,n,2.0NRT,292.26,0.92,N
9.47278,-2.18144,302.91,0.35,0.56,2024-11-21,104,N,VIIRS,n,2.0NRT,289.04,0.57,N
9.47792,-2.18088,302.49,0.35,0.56,2024-11-21,104,N,VIIRS,n,2.0NRT,290.49,0.53,N
9.478,-2.18069,302.15,0.35,0.56,2024-11-21,104,N,VIIRS,n,2.0NRT,290.66,0.5,N
9.55435,1.05194,305.81,0.42,0.45,2024-11-21,104,N,VIIRS,n,2.0NRT,291.91,0.65,N
9.57396,14.6306,303.68,0.61,0.53,2024-11-21,104,N,VIIRS,n,2.0NRT,292.59,2.2,N
9.57669,14.62798,305.94,0.61,0.53,2024-11-21,104,N,VIIRS,n,2.0NRT,292.39,2.74,N
9.61525,1.23123,305.69,0.41,0.45,2024-11-21,104,N,VIIRS,n,2.0NRT,294.36,1.01,N
9.61936,1.23204,309.93,0.41,0.45,2024-11-21,104,N,VIIRS,n,2.0NRT,295.06,1.43,N
9.61985,1.22864,310.48,0.41,0.45,2024-11-21,104,N,VIIRS,n,2.0NRT,294.27,1.94,N
9.62761,1.23348,312.11,0.41,0.45,2024-11-21,104,N,VIIRS,n,2.0NRT,293.76,1.67,N
9.63174,1.2342,309.14,0.41,0.45,2024-11-21,104,N,VIIRS,n,2.0NRT,295.11,1.67,N
9.6322,1.23096,328.03,0.41,0.45,2024-11-21,104,N,VIIRS,n,2.0NRT,294.07,2.89,N
9.6349,1.24168,303.53,0.41,0.45,2024-11-21,104,N,VIIRS,n,2.0NRT,293.17,0.96,N
9.63586,1.23492,325.96,0.41,0.45,2024-11-21,104,N,VIIRS,n,2.0NRT,295.08,8.44,N
9.63632,1.23172,311.89,0.41,0.45,2024-11-21,104,N,VIIRS,n,2.0NRT,293.12,2.84,N
9.64002,1.2354,349.18,0.41,0.45,2024-11-21,104,N,VIIRS,n,2.0NRT,298.77,8.44,N
9.88795,7.78536,300.04,0.39,0.36,2024-11-21,104,N,VIIRS,n,2.0NRT,289.19,0.71,N
9.90179,1.05892,303.33,0.43,0.46,2024-11-21,104,N,VIIRS,n,2.0NRT,291.6,0.9,N
9.90556,1.0621,306,0.43,0.46,2024-11-21,104,N,VIIRS,n,2.0NRT,292.01,1.13,N
9.906,1.05952,314.28,0.43,0.46,2024-11-21,104,N,VIIRS,n,2.0NRT,292.35,0.9,N
9.92305,1.30439,304.19,0.41,0.45,2024-11-21,104,N,VIIRS,n,2.0NRT,290.29,1.01,N
9.92718,1.30505,306,0.41,0.45,2024-11-21,104,N,VIIRS,n,2.0NRT,290.41,1.01,N
9.96953,7.19106,315.77,0.39,0.36,2024-11-21,104,N,VIIRS,n,2.0NRT,294.03,1.35,N
9.98732,7.05773,308.23,0.38,0.36,2024-11-21,104,N,VIIRS,n,2.0NRT,294.21,1.21,N
10.02768,0.15646,311.02,0.49,0.49,2024-11-21,104,N,VIIRS,n,2.0NRT,291.48,1.22,N
10.02998,0.15945,312.59,0.49,0.49,2024-11-21,104,N,VIIRS,n,2.0NRT,291.61,1.47,N
10.05295,6.83583,309,0.38,0.36,2024-11-21,104,N,VIIRS,n,2.0NRT,293.76,0.97,N
10.05626,6.83636,306.14,0.38,0.36,2024-11-21,104,N,VIIRS,n,2.0NRT,293.1,0.48,N
10.07196,7.80408,299.84,0.39,0.36,2024-11-21,104,N,VIIRS,n,2.0NRT,289.2,0.39,N
10.10163,1.87981,301.7,0.57,0.43,2024-11-21,104,N,VIIRS,n,2.0NRT,290.9,0.8,N
10.11847,0.09545,301.09,0.5,0.49,2024-11-21,104,N,VIIRS,n,2.0NRT,290.12,0.74,N
10.12901,7.3388,305.43,0.39,0.36,2024-11-21,104,N,VIIRS,n,2.0NRT,286.13,0.51,N
10.13233,7.33934,301.86,0.39,0.36,2024-11-21,104,N,VIIRS,n,2.0NRT,286.85,0.4,N
10.1375,7.11396,306.79,0.38,0.36,2024-11-21,104,N,VIIRS,n,2.0NRT,294.09,0.49,N
10.14013,1.19846,310.42,0.42,0.45,2024-11-21,104,N,VIIRS,n,2.0NRT,291.78,1.13,N
10.1828,-1.75698,305.36,0.33,0.55,2024-11-21,104,N,VIIRS,n,2.0NRT,291.07,0.95,N
10.18321,-1.76001,303.27,0.33,0.55,2024-11-21,104,N,VIIRS,n,2.0NRT,291.1,0.86,N
10.18856,-1.74183,306.36,0.33,0.55,2024-11-21,104,N,VIIRS,n,2.0NRT,288.63,0.24,N
10.19087,6.66813,309.08,0.38,0.36,2024-11-21,104,N,VIIRS,n,2.0NRT,290.92,1.24,N
10.2068,6.60986,303.63,0.38,0.36,2024-11-21,104,N,VIIRS,n,2.0NRT,292.56,1,N
10.22224,7.64324,315.3,0.39,0.36,2024-11-21,104,N,VIIRS,n,2.0NRT,291.06,1.01,N
10.22281,7.6397,302.21,0.39,0.36,2024-11-21,104,N,VIIRS,n,2.0NRT,291.18,1.01,N
10.22557,7.64377,315.18,0.39,0.36,2024-11-21,104,N,VIIRS,n,2.0NRT,291.83,1.55,N
10.22833,7.64785,318.77,0.39,0.36,2024-11-21,104,N,VIIRS,n,2.0NRT,292.02,1.21,N
10.23166,7.64839,301.28,0.39,0.36,2024-11-21,104,N,VIIRS,n,2.0NRT,291.23,0.67,N
10.24165,7.65002,311.29,0.39,0.36,2024-11-21,104,N,VIIRS,n,2.0NRT,292.31,0.47,N
10.2526,-2.48172,300.88,0.37,0.58,2024-11-21,104,N,VIIRS,n,2.0NRT,290.13,0.81,N
10.28226,16.73471,299.48,0.41,0.6,2024-11-21,104,N,VIIRS,n,2.0NRT,281.69,0.66,N
10.28419,7.21335,307.38,0.39,0.36,2024-11-21,104,N,VIIRS,n,2.0NRT,292.83,1.34,N
10.29366,6.98513,318.01,0.38,0.36,2024-11-21,104,N,VIIRS,n,2.0NRT,292.71,2.11,N
10.30319,0.00879,302.3,0.51,0.49,2024-11-21,104,N,VIIRS,n,2.0NRT,290.92,0.45,N
10.31015,8.41637,298.1,0.4,0.37,2024-11-21,104,N,VIIRS,n,2.0NRT,287.15,0.5,N
10.31076,8.41267,299.31,0.4,0.37,2024-11-21,104,N,VIIRS,n,2.0NRT,289.04,0.5,N
10.3174,-3.24709,308.96,0.42,0.61,2024-11-21,104,N,VIIRS,n,2.0NRT,289.38,0.74,N
10.36652,1.65055,301.7,0.4,0.44,2024-11-21,104,N,VIIRS,n,2.0NRT,291.13,0.64,N
10.37609,1.41144,302.5,0.41,0.45,2024-11-21,104,N,VIIRS,n,2.0NRT,290.96,0.52,N
10.38715,17.82855,297.95,0.48,0.65,2024-11-21,104,N,VIIRS,n,2.0NRT,278.86,1.19,N
10.38933,1.60594,305,0.4,0.44,2024-11-21,104,N,VIIRS,n,2.0NRT,293.46,0.81,N
10.41181,1.62393,306.46,0.4,0.44,2024-11-21,104,N,VIIRS,n,2.0NRT,293.14,0.87,N
10.4217,5.60155,316.75,0.4,0.37,2024-11-21,104,N,VIIRS,n,2.0NRT,292.14,1.01,N
10.42355,5.60162,314.51,0.4,0.37,2024-11-21,104,N,VIIRS,n,2.0NRT,291.86,0.68,N
10.42636,5.60574,302.34,0.4,0.37,2024-11-21,104,N,VIIRS,n,2.0NRT,289.5,0.68,N
10.43128,6.04122,315.86,0.39,0.36,2024-11-21,104,N,VIIRS,n,2.0NRT,292.03,1.51,N
10.44312,1.40045,301.79,0.41,0.45,2024-11-21,104,N,VIIRS,n,2.0NRT,288.8,1.05,N
10.46556,1.48061,310.61,0.41,0.45,2024-11-21,104,N,VIIRS,n,2.0NRT,291.37,1.44,N
10.46607,5.59352,300.79,0.4,0.37,2024-11-21,104,N,VIIRS,n,2.0NRT,288.89,0.28,N
10.4952,19.34185,295.44,0.6,0.71,2024-11-21,104,N,VIIRS,n,2.0NRT,282.4,0.67,N
10.5138,6.48724,306.59,0.39,0.36,2024-11-21,104,N,VIIRS,n,2.0NRT,288.63,0.73,N
10.52474,7.27697,303.14,0.39,0.36,2024-11-21,104,N,VIIRS,n,2.0NRT,287.54,0.59,N
10.5254,2.17189,303.4,0.56,0.43,2024-11-21,104,N,VIIRS,n,2.0NRT,289.5,0.68,N
10.54217,5.73464,307.49,0.39,0.36,2024-11-21,104,N,VIIRS,n,2.0NRT,294.47,0.96,N
10.57003,1.28974,305.84,0.42,0.45,2024-11-21,104,N,VIIRS,n,2.0NRT,293.02,0.97,N
10.57149,1.2485,304.07,0.42,0.45,2024-11-21,104,N,VIIRS,n,2.0NRT,292.33,1.02,N
10.58142,-1.43878,303.05,0.32,0.55,2024-11-21,104,N,VIIRS,n,2.0NRT,288.83,0.4,N
10.58939,6.86809,318.67,0.38,0.36,2024-11-21,104,N,VIIRS,n,2.0NRT,290.86,1.84,N
10.59215,6.87212,325.91,0.38,0.36,2024-11-21,104,N,VIIRS,n,2.0NRT,291.67,1.71,N
10.5927,6.86862,336.83,0.38,0.36,2024-11-21,104,N,VIIRS,n,2.0NRT,291.92,3.56,N
10.59936,7.04157,305.34,0.38,0.36,2024-11-21,104,N,VIIRS,n,2.0NRT,288.78,0.56,N
10.59991,7.05958,302.2,0.38,0.36,2024-11-21,104,N,VIIRS,n,2.0NRT,288.72,0.68,N
10.61422,6.88283,311.78,0.38,0.36,2024-11-21,104,N,VIIRS,n,2.0NRT,291.62,0.96,N
10.61808,6.87987,303.56,0.38,0.36,2024-11-21,104,N,VIIRS,n,2.0NRT,291.54,1.39,N
10.61863,6.87638,328.89,0.38,0.36,2024-11-21,104,N,VIIRS,n,2.0NRT,293.37,1.39,N
10.62139,6.8804,307.39,0.38,0.36,2024-11-21,104,N,VIIRS,n,2.0NRT,291.45,1.39,N
10.68035,6.33004,310.05,0.39,0.36,2024-11-21,104,N,VIIRS,n,2.0NRT,287.07,1.04,N
10.6806,-2.62887,306.13,0.39,0.59,2024-11-21,104,N,VIIRS,n,2.0NRT,288.8,0.73,N
10.70791,-1.51531,303.68,0.32,0.55,2024-11-21,104,N,VIIRS,n,2.0NRT,293.44,1.27,N
10.7218,6.30419,317.26,0.39,0.36,2024-11-21,104,N,VIIRS,n,2.0NRT,286.88,1.48,N
10.78142,6.15798,304.16,0.39,0.36,2024-11-21,104,N,VIIRS,n,2.0NRT,288.61,0.69,N
10.78202,6.1762,299.2,0.39,0.36,2024-11-21,104,N,VIIRS,n,2.0NRT,287.84,0.41,N
10.7911,-1.45156,310.56,0.32,0.55,2024-11-21,104,N,VIIRS,n,2.0NRT,292.23,0.54,N
10.79616,-1.4508,304.64,0.32,0.55,2024-11-21,104,N,VIIRS,n,2.0NRT,292.2,0.54,N
10.80773,18.61562,305.65,0.53,0.67,2024-11-21,104,N,VIIRS,n,2.0NRT,290.93,2.16,N
10.8335,-4.80677,301.15,0.54,0.68,2024-11-21,104,N,VIIRS,n,2.0NRT,289.46,1.13,N
10.84777,17.33819,301.9,0.44,0.62,2024-11-21,104,N,VIIRS,n,2.0NRT,286.02,0.74,N
10.8714,17.27657,303.29,0.43,0.62,2024-11-21,104,N,VIIRS,n,2.0NRT,287.13,0.78,N
10.92912,13.14542,300.24,0.46,0.47,2024-11-21,104,N,VIIRS,n,2.0NRT,285.52,0.79,N
10.93143,11.4768,307.79,0.54,0.42,2024-11-21,104,N,VIIRS,n,2.0NRT,292.42,1.63,N
10.96708,5.96499,305.98,0.39,0.36,2024-11-21,104,N,VIIRS,n,2.0NRT,289.69,1.13,N
10.96719,1.64467,305.26,0.4,0.45,2024-11-21,104,N,VIIRS,n,2.0NRT,293.12,1.17,N
10.97027,1.65258,302.49,0.4,0.45,2024-11-21,104,N,VIIRS,n,2.0NRT,291.44,1.28,N
10.97253,13.67991,312.6,0.5,0.49,2024-11-21,104,N,VIIRS,n,2.0NRT,289.16,1.57,N
10.97468,17.578,302.45,0.45,0.63,2024-11-21,104,N,VIIRS,n,2.0NRT,287.74,0.71,N
11.01266,0.5461,306.92,0.48,0.48,2024-11-21,104,N,VIIRS,n,2.0NRT,289.81,0.53,N
11.01327,0.54166,305.17,0.48,0.48,2024-11-21,104,N,VIIRS,n,2.0NRT,290.73,1.11,N
11.01953,0.52899,300.99,0.48,0.48,2024-11-21,104,N,VIIRS,n,2.0NRT,289.86,1.08,N
11.02008,15.54899,303.96,0.33,0.55,2024-11-21,104,N,VIIRS,n,2.0NRT,288.99,0.71,N
11.02075,0.52011,299.49,0.48,0.48,2024-11-21,104,N,VIIRS,n,2.0NRT,288.88,0.85,N
11.02396,0.5296,303.86,0.48,0.48,2024-11-21,104,N,VIIRS,n,2.0NRT,288.93,0.46,N
11.02607,0.67366,319.41,0.47,0.48,2024-11-21,104,N,VIIRS,n,2.0NRT,289.87,2.08,N
11.02614,0.67594,304.02,0.47,0.48,2024-11-21,104,N,VIIRS,n,2.0NRT,289.67,1.25,N
11.02674,0.67165,311.9,0.47,0.48,2024-11-21,104,N,VIIRS,n,2.0NRT,289.84,1.25,N
11.03039,1.00376,305.53,0.45,0.47,2024-11-21,104,N,VIIRS,n,2.0NRT,291.2,1.07,N
11.04236,0.98034,304.92,0.45,0.47,2024-11-21,104,N,VIIRS,n,2.0NRT,289.76,0.9,N
11.04486,8.19722,308.13,0.4,0.37,2024-11-21,104,N,VIIRS,n,2.0NRT,284.1,0.84,N
11.04552,0.98924,303.02,0.45,0.47,2024-11-21,104,N,VIIRS,n,2.0NRT,290.77,0.86,N
11.04925,0.99398,310.1,0.45,0.47,2024-11-21,104,N,VIIRS,n,2.0NRT,290.47,1.01,N
11.05334,0.86793,304.93,0.45,0.47,2024-11-21,104,N,VIIRS,n,2.0NRT,291.06,1.29,N
11.05354,0.99459,300.32,0.45,0.47,2024-11-21,104,N,VIIRS,n,2.0NRT,289.27,1.01,N
11.05548,15.61229,301.98,0.33,0.55,2024-11-21,104,N,VIIRS,n,2.0NRT,286.6,0.33,N
11.0571,0.87273,323.85,0.45,0.47,2024-11-21,104,N,VIIRS,n,2.0NRT,291.18,2.17,N
11.06144,0.87332,314.97,0.45,0.47,2024-11-21,104,N,VIIRS,n,2.0NRT,289.81,2.17,N
11.06201,0.86915,303.84,0.45,0.47,2024-11-21,104,N,VIIRS,n,2.0NRT,288.95,1.18,N
11.07902,5.96473,312.57,0.39,0.36,2024-11-21,104,N,VIIRS,n,2.0NRT,289.19,1.3,N
11.08181,5.96883,297.71,0.39,0.36,2024-11-21,104,N,VIIRS,n,2.0NRT,286.94,0.37,N
11.08558,-1.01727,306.47,0.61,0.53,2024-11-21,104,N,VIIRS,n,2.0NRT,295.89,2.64,N
11.08753,1.11842,339.87,0.44,0.46,2024-11-21,104,N,VIIRS,n,2.0NRT,292.08,2.57,N
11.08855,6.01382,298.09,0.39,0.36,2024-11-21,104,N,VIIRS,n,2.0NRT,287.5,0.25,N
11.09179,1.11905,302.47,0.44,0.46,2024-11-21,104,N,VIIRS,n,2.0NRT,291.26,2.57,N
11.09189,6.01434,310.79,0.39,0.36,2024-11-21,104,N,VIIRS,n,2.0NRT,289.09,0.81,N
11.09234,1.115,307.33,0.44,0.46,2024-11-21,104,N,VIIRS,n,2.0NRT,290.45,3.53,N
11.09523,6.01486,314.25,0.39,0.36,2024-11-21,104,N,VIIRS,n,2.0NRT,288.89,0.81,N
11.09744,12.88352,296.29,0.44,0.46,2024-11-21,104,N,VIIRS,n,2.0NRT,285.04,0.58,N
11.09922,1.12845,308.81,0.44,0.46,2024-11-21,104,N,VIIRS,n,2.0NRT,291.86,1.53,N
11.09976,1.12438,318.8,0.44,0.46,2024-11-21,104,N,VIIRS,n,2.0NRT,292.22,2.72,N
11.10167,12.88429,296.54,0.44,0.46,2024-11-21,104,N,VIIRS,n,2.0NRT,285.17,0.49,N
11.12669,1.27481,302.65,0.43,0.46,2024-11-21,104,N,VIIRS,n,2.0NRT,288.75,0.58,N
11.13115,12.64617,298,0.42,0.45,2024-11-21,104,N,VIIRS,n,2.0NRT,287.09,0.7,N
11.13497,-3.09101,309.82,0.42,0.61,2024-11-21,104,N,VIIRS,n,2.0NRT,292.36,1.45,N
11.13498,5.99159,318.92,0.39,0.36,2024-11-21,104,N,VIIRS,n,2.0NRT,291.08,0.94,N
11.13553,5.98801,302.98,0.39,0.36,2024-11-21,104,N,VIIRS,n,2.0NRT,290.62,1.53,N
11.13833,5.99212,310.93,0.39,0.36,2024-11-21,104,N,VIIRS,n,2.0NRT,290.5,0.94,N
11.14013,6.04721,302.33,0.39,0.36,2024-11-21,104,N,VIIRS,n,2.0NRT,287.62,0.42,N
11.14222,5.98907,306.76,0.39,0.36,2024-11-21,104,N,VIIRS,n,2.0NRT,290.09,1.03,N
11.14233,1.22446,311.79,0.43,0.46,2024-11-21,104,N,VIIRS,n,2.0NRT,291.01,1.12,N
11.14479,13.74581,333.88,0.5,0.49,2024-11-21,104,N,VIIRS,n,2.0NRT,295.1,4.05,N
11.1455,13.74194,316.12,0.5,0.49,2024-11-21,104,N,VIIRS,n,2.0NRT,293.8,4.05,N
11.14995,13.74287,343.1,0.5,0.49,2024-11-21,104,N,VIIRS,n,2.0NRT,295.59,4.05,N
11.15072,13.7387,302.98,0.5,0.49,2024-11-21,104,N,VIIRS,n,2.0NRT,292.4,2.22,N
11.15809,0.75745,316.58,0.46,0.47,2024-11-21,104,N,VIIRS,n,2.0NRT,295.79,3.46,N
11.15928,0.74863,321.08,0.46,0.47,2024-11-21,104,N,VIIRS,n,2.0NRT,294.87,3.85,N
11.18573,6.03983,299.3,0.39,0.36,2024-11-21,104,N,VIIRS,n,2.0NRT,288.5,0.41,N
11.18868,-0.31856,303.11,0.55,0.51,2024-11-21,104,N,VIIRS,n,2.0NRT,290.16,1.19,N
11.19339,-0.31791,302.96,0.55,0.51,2024-11-21,104,N,VIIRS,n,2.0NRT,290.26,1.19,N
11.19405,-0.32293,308,0.55,0.51,2024-11-21,104,N,VIIRS,n,2.0NRT,291,1.19,N
11.20579,-2.84933,303.5,0.41,0.6,2024-11-21,104,N,VIIRS,n,2.0NRT,290.48,0.89,N
11.21911,12.88416,302.04,0.44,0.46,2024-11-21,104,N,VIIRS,n,2.0NRT,284.68,0.69,N
11.22333,12.88494,302.47,0.44,0.46,2024-11-21,104,N,VIIRS,n,2.0NRT,285.35,0.69,N
11.23189,17.29265,306.52,0.43,0.62,2024-11-21,104,N,VIIRS,n,2.0NRT,289.51,0.86,N
11.23393,6.88191,298.78,0.38,0.36,2024-11-21,104,N,VIIRS,n,2.0NRT,288.35,0.34,N
11.25817,-0.77837,300.2,0.59,0.53,2024-11-21,104,N,VIIRS,n,2.0NRT,289.87,0.65,N
11.26374,-0.78312,299.73,0.59,0.53,2024-11-21,104,N,VIIRS,n,2.0NRT,289.26,0.65,N
11.26606,1.87334,300.09,0.4,0.44,2024-11-21,104,N,VIIRS,n,2.0NRT,288.95,0.62,N
11.27592,0.84175,311.89,0.46,0.47,2024-11-21,104,N,VIIRS,n,2.0NRT,289.1,0.91,N
11.2933,6.32574,300.35,0.39,0.36,2024-11-21,104,N,VIIRS,n,2.0NRT,287.42,0.44,N
11.31612,0.74334,303.93,0.47,0.48,2024-11-21,104,N,VIIRS,n,2.0NRT,290.82,0.79,N
11.31718,-0.79073,304.66,0.59,0.53,2024-11-21,104,N,VIIRS,n,2.0NRT,291.16,0.82,N
11.31947,-0.79191,300.99,0.59,0.53,2024-11-21,104,N,VIIRS,n,2.0NRT,290.96,1.14,N
11.32127,-0.32899,300.3,0.55,0.51,2024-11-21,104,N,VIIRS,n,2.0NRT,288.48,0.93,N
11.33832,1.97566,303.44,0.39,0.44,2024-11-21,104,N,VIIRS,n,2.0NRT,293.03,1.26,N
11.34235,1.97633,308.75,0.39,0.44,2024-11-21,104,N,VIIRS,n,2.0NRT,294.09,1.65,N
11.35753,12.88473,303.86,0.43,0.46,2024-11-21,104,N,VIIRS,n,2.0NRT,285.69,1.22,N
11.36251,0.92962,309.45,0.45,0.47,2024-11-21,104,N,VIIRS,n,2.0NRT,288.11,0.82,N
11.36308,0.92542,321.51,0.46,0.47,2024-11-21,104,N,VIIRS,n,2.0NRT,289.36,2.94,N
11.37568,6.53831,300.28,0.39,0.36,2024-11-21,104,N,VIIRS,n,2.0NRT,288.9,0.39,N
11.39117,6.54801,302.58,0.39,0.36,2024-11-21,104,N,VIIRS,n,2.0NRT,288.18,0.44,N
11.39753,1.13906,300.62,0.44,0.46,2024-11-21,104,N,VIIRS,n,2.0NRT,289.35,0.27,N
11.39912,1.14107,300.35,0.44,0.46,2024-11-21,104,N,VIIRS,n,2.0NRT,288.85,0.51,N
11.43224,0.9053,299.52,0.46,0.47,2024-11-21,104,N,VIIRS,n,2.0NRT,288.02,0.53,N
11.43283,0.90107,303.81,0.46,0.47,2024-11-21,104,N,VIIRS,n,2.0NRT,288.36,1.14,N
11.43322,0.90334,299.23,0.46,0.47,2024-11-21,104,N,VIIRS,n,2.0NRT,287.64,0.62,N
11.43378,0.8991,300.48,0.46,0.47,2024-11-21,104,N,VIIRS,n,2.0NRT,288.14,0.64,N
11.43994,2.04882,304.28,0.39,0.44,2024-11-21,104,N,VIIRS,n,2.0NRT,292.16,0.49,N
11.44728,1.60205,300.81,0.41,0.45,2024-11-21,104,N,VIIRS,n,2.0NRT,290.16,0.85,N
11.45457,0.87617,302.08,0.46,0.47,2024-11-21,104,N,VIIRS,n,2.0NRT,288,0.63,N
11.45514,0.87191,298.23,0.46,0.47,2024-11-21,104,N,VIIRS,n,2.0NRT,288.05,0.63,N
11.45718,2.15844,306.65,0.57,0.43,2024-11-21,104,N,VIIRS,n,2.0NRT,290.6,1.45,N
11.45817,1.11018,301.46,0.44,0.46,2024-11-21,104,N,VIIRS,n,2.0NRT,288.06,0.42,N
11.45893,0.87682,297.43,0.46,0.47,2024-11-21,104,N,VIIRS,n,2.0NRT,287.39,1.04,N
11.46266,13.71131,310.74,0.49,0.48,2024-11-21,104,N,VIIRS,n,2.0NRT,287.2,1.34,N
11.46464,13.7094,306.91,0.49,0.49,2024-11-21,104,N,VIIRS,n,2.0NRT,286.77,1.11,N
11.46629,1.17801,310.22,0.44,0.46,2024-11-21,104,N,VIIRS,n,2.0NRT,290.52,1.3,N
11.49092,6.21224,305.58,0.39,0.36,2024-11-21,104,N,VIIRS,n,2.0NRT,286.32,0.78,N
11.4963,6.36915,304.06,0.39,0.36,2024-11-21,104,N,VIIRS,n,2.0NRT,287.66,0.59,N
11.51153,0.78421,302.08,0.47,0.48,2024-11-21,104,N,VIIRS,n,2.0NRT,288.37,0.62,N
11.51592,0.78486,312.87,0.47,0.48,2024-11-21,104,N,VIIRS,n,2.0NRT,289.44,1.74,N
11.53119,0.73876,302.57,0.47,0.48,2024-11-21,104,N,VIIRS,n,2.0NRT,290.62,1.28,N
11.53944,0.40918,311.69,0.49,0.49,2024-11-21,104,N,VIIRS,n,2.0NRT,293.36,1.65,N
11.54332,0.41447,314.21,0.49,0.49,2024-11-21,104,N,VIIRS,n,2.0NRT,293.68,1.65,N
11.54394,0.40987,312.79,0.49,0.49,2024-11-21,104,N,VIIRS,n,2.0NRT,294.01,1.65,N
11.56933,13.11183,295.12,0.45,0.47,2024-11-21,104,N,VIIRS,n,2.0NRT,284.79,0.27,N
11.58378,6.31037,297.72,0.39,0.36,2024-11-21,104,N,VIIRS,n,2.0NRT,285.55,0.47,N
11.58557,6.69052,300.41,0.39,0.36,2024-11-21,104,N,VIIRS,n,2.0NRT,289.08,0.45,N
11.58656,6.31445,298.91,0.39,0.36,2024-11-21,104,N,VIIRS,n,2.0NRT,285,0.7,N
11.58711,6.3109,311.37,0.39,0.36,2024-11-21,104,N,VIIRS,n,2.0NRT,286.11,0.7,N
11.59251,5.89753,301.02,0.4,0.37,2024-11-21,104,N,VIIRS,n,2.0NRT,287.45,0.64,N
11.60234,0.57212,310.13,0.48,0.48,2024-11-21,104,N,VIIRS,n,2.0NRT,290.38,2,N
11.60504,0.58602,303.19,0.48,0.48,2024-11-21,104,N,VIIRS,n,2.0NRT,289.11,0.84,N
11.60562,0.5816,308.59,0.48,0.48,2024-11-21,104,N,VIIRS,n,2.0NRT,290.11,0.84,N
11.62128,7.0017,296.76,0.38,0.36,2024-11-21,104,N,VIIRS,n,2.0NRT,284.95,0.41,N
11.64544,2.29119,307.8,0.57,0.43,2024-11-21,104,N,VIIRS,n,2.0NRT,292.64,2.27,N
11.64954,0.95614,308.75,0.46,0.47,2024-11-21,104,N,VIIRS,n,2.0NRT,288.51,0.88,N
11.66505,13.22051,310.3,0.45,0.47,2024-11-21,104,N,VIIRS,n,2.0NRT,286.56,1.63,N
11.68885,0.57086,301.92,0.48,0.48,2024-11-21,104,N,VIIRS,n,2.0NRT,290.07,0.74,N
11.81549,7.12314,312.54,0.38,0.36,2024-11-21,104,N,VIIRS,n,2.0NRT,286.01,0.84,N
11.8188,7.12367,302.92,0.38,0.36,2024-11-21,104,N,VIIRS,n,2.0NRT,285.58,0.38,N
11.82063,-4.08126,301.01,0.5,0.66,2024-11-21,104,N,VIIRS,n,2.0NRT,289.25,0.49,N
11.82429,2.71355,298.94,0.54,0.42,2024-11-21,104,N,VIIRS,n,2.0NRT,288.25,0.87,N
11.82446,2.71533,303.18,0.54,0.42,2024-11-21,104,N,VIIRS,n,2.0NRT,288.74,0.68,N
11.82817,2.71413,305.22,0.54,0.42,2024-11-21,104,N,VIIRS,n,2.0NRT,289.83,0.87,N
11.82834,2.71591,301.79,0.54,0.42,2024-11-21,104,N,VIIRS,n,2.0NRT,289.59,0.89,N
11.82911,6.82282,311.42,0.38,0.36,2024-11-21,104,N,VIIRS,n,2.0NRT,287.89,1.25,N
11.82944,6.6027,308.83,0.39,0.36,2024-11-21,104,N,VIIRS,n,2.0NRT,288.31,0.83,N
11.83723,5.77905,303.73,0.4,0.37,2024-11-21,104,N,VIIRS,n,2.0NRT,288.24,0.66,N
11.83778,5.7754,301.13,0.4,0.37,2024-11-21,104,N,VIIRS,n,2.0NRT,288.53,0.66,N
11.83994,6.60077,321.67,0.39,0.36,2024-11-21,104,N,VIIRS,n,2.0NRT,287.08,1.11,N
11.84049,6.59724,301.23,0.39,0.36,2024-11-21,104,N,VIIRS,n,2.0NRT,287.27,1.11,N
11.84104,6.59371,307.02,0.39,0.36,2024-11-21,104,N,VIIRS,n,2.0NRT,287.7,0.77,N
11.87073,-3.72281,302.8,0.47,0.64,2024-11-21,104,N,VIIRS,n,2.0NRT,292.12,1.24,N
11.87669,-3.72194,304.23,0.47,0.64,2024-11-21,104,N,VIIRS,n,2.0NRT,292.09,1.24,N
11.90761,0.16267,300.4,0.52,0.5,2024-11-21,104,N,VIIRS,n,2.0NRT,289.23,0.85,N
11.91775,0.36846,302.99,0.5,0.49,2024-11-21,104,N,VIIRS,n,2.0NRT,290.65,0.78,N
11.92205,0.36732,324.3,0.5,0.49,2024-11-21,104,N,VIIRS,n,2.0NRT,290.75,2.97,N
11.92229,0.36909,307.71,0.5,0.49,2024-11-21,104,N,VIIRS,n,2.0NRT,289.78,0.78,N
11.92289,0.36445,317.43,0.5,0.49,2024-11-21,104,N,VIIRS,n,2.0NRT,290.08,2.24,N
11.9503,8.59118,319.02,0.4,0.37,2024-11-21,104,N,VIIRS,n,2.0NRT,291.52,0.76,N
11.95071,-4.13269,299.53,0.51,0.66,2024-11-21,104,N,VIIRS,n,2.0NRT,287.24,1.07,N
11.9508,-4.13549,315.31,0.51,0.66,2024-11-21,104,N,VIIRS,n,2.0NRT,287.6,1.98,N
11.95128,-4.1374,310.68,0.51,0.66,2024-11-21,104,N,VIIRS,n,2.0NRT,288,1.07,N
11.95366,8.59174,302.62,0.4,0.37,2024-11-21,104,N,VIIRS,n,2.0NRT,289.64,0.76,N
11.95695,-4.13478,315.04,0.51,0.66,2024-11-21,104,N,VIIRS,n,2.0NRT,289.11,1.98,N
11.95743,-4.13673,303.73,0.51,0.66,2024-11-21,104,N,VIIRS,n,2.0NRT,288.21,1.1,N
11.9606,6.16476,298.61,0.39,0.36,2024-11-21,104,N,VIIRS,n,2.0NRT,285.32,0.46,N
11.9845,6.14279,299.46,0.39,0.36,2024-11-21,104,N,VIIRS,n,2.0NRT,285.28,0.66,N
12.00126,6.16752,309.34,0.39,0.36,2024-11-21,104,N,VIIRS,n,2.0NRT,286.87,0.71,N
12.00181,6.16393,303.37,0.39,0.36,2024-11-21,104,N,VIIRS,n,2.0NRT,287.61,0.71,N
12.0356,0.80976,309.95,0.47,0.48,2024-11-21,104,N,VIIRS,n,2.0NRT,290.82,2.07,N
12.03659,2.33935,345.71,0.57,0.43,2024-11-21,104,N,VIIRS,n,2.0NRT,293.47,6.76,N
12.03795,0.79224,312.28,0.47,0.48,2024-11-21,104,N,VIIRS,n,2.0NRT,291.14,1.71,N
12.03984,2.34521,311.68,0.57,0.43,2024-11-21,104,N,VIIRS,n,2.0NRT,290.59,2.75,N
12.04001,0.81039,305.43,0.47,0.48,2024-11-21,104,N,VIIRS,n,2.0NRT,290.36,0.89,N
12.04058,2.33991,323.56,0.57,0.43,2024-11-21,104,N,VIIRS,n,2.0NRT,293.54,6.76,N
12.04383,2.34579,327.96,0.57,0.43,2024-11-21,104,N,VIIRS,n,2.0NRT,291.28,2.74,N
12.04501,0.80667,301.29,0.47,0.48,2024-11-21,104,N,VIIRS,n,2.0NRT,290.87,0.89,N
12.04942,0.80731,307.12,0.47,0.48,2024-11-21,104,N,VIIRS,n,2.0NRT,290.02,0.9,N
12.05001,0.80295,317.61,0.47,0.48,2024-11-21,104,N,VIIRS,n,2.0NRT,290.63,2.05,N
12.07153,-3.99977,304.18,0.5,0.66,2024-11-21,104,N,VIIRS,n,2.0NRT,289.95,1.41,N
12.07786,2.34659,299.1,0.57,0.43,2024-11-21,104,N,VIIRS,n,2.0NRT,288.17,0.51,N
12.08046,2.34557,301.11,0.57,0.43,2024-11-21,104,N,VIIRS,n,2.0NRT,288.01,0.83,N
12.12294,6.32604,307.86,0.39,0.36,2024-11-21,104,N,VIIRS,n,2.0NRT,288.62,0.87,N
12.21483,7.44735,296.06,0.38,0.36,2024-11-21,104,N,VIIRS,n,2.0NRT,284.78,0.4,N
12.30721,6.11195,298.52,0.39,0.36,2024-11-21,104,N,VIIRS,n,2.0NRT,287.31,0.41,N
12.31714,-1.47888,302.29,0.34,0.56,2024-11-21,104,N,VIIRS,n,2.0NRT,290.52,0.55,N
12.32416,-4.36488,299.49,0.53,0.67,2024-11-21,104,N,VIIRS,n,2.0NRT,288.89,0.84,N
12.35939,-4.23147,306.75,0.52,0.67,2024-11-21,104,N,VIIRS,n,2.0NRT,292.05,1.2,N
12.35995,-4.23627,300.1,0.52,0.67,2024-11-21,104,N,VIIRS,n,2.0NRT,290.02,1.2,N
12.38593,-4.19955,302.79,0.52,0.67,2024-11-21,104,N,VIIRS,n,2.0NRT,292.16,1.38,N
12.48692,7.39766,320.05,0.38,0.36,2024-11-21,104,N,VIIRS,n,2.0NRT,289.11,2.18,N
12.48967,7.40172,313.94,0.38,0.36,2024-11-21,104,N,VIIRS,n,2.0NRT,288.09,0.71,N
12.51725,7.399,309.78,0.38,0.36,2024-11-21,104,N,VIIRS,n,2.0NRT,289.06,0.98,N
12.58881,-4.22804,305.61,0.52,0.67,2024-11-21,104,N,VIIRS,n,2.0NRT,293.15,1.54,N
12.59334,-4.2256,303.5,0.52,0.67,2024-11-21,104,N,VIIRS,n,2.0NRT,292.44,1.83,N
12.59387,-4.23036,303.57,0.52,0.67,2024-11-21,104,N,VIIRS,n,2.0NRT,292.87,2.39,N
12.59503,-4.22731,309.79,0.52,0.67,2024-11-21,104,N,VIIRS,n,2.0NRT,293.44,1.54,N
12.60631,-4.22873,303.88,0.52,0.67,2024-11-21,104,N,VIIRS,n,2.0NRT,293.16,1.31,N
12.71492,6.41178,298.61,0.39,0.36,2024-11-21,104,N,VIIRS,n,2.0NRT,287.59,0.47,N
12.74867,6.00946,300.56,0.4,0.37,2024-11-21,104,N,VIIRS,n,2.0NRT,288.54,0.54,N
12.81562,-0.60851,304.87,0.6,0.53,2024-11-21,104,N,VIIRS,n,2.0NRT,288.54,1.03,N
12.81735,-0.60712,302.29,0.6,0.53,2024-11-21,104,N,VIIRS,n,2.0NRT,288.49,1.36,N
12.81851,-0.73912,304.89,0.61,0.54,2024-11-21,104,N,VIIRS,n,2.0NRT,290.68,1.73,N
12.92614,7.25249,298.35,0.38,0.36,2024-11-21,104,N,VIIRS,n,2.0NRT,287.37,0.87,N
12.94538,6.97708,298.82,0.39,0.36,2024-11-21,104,N,VIIRS,n,2.0NRT,286.49,0.29,N
12.96542,-0.65974,313.32,0.61,0.53,2024-11-21,104,N,VIIRS,n,2.0NRT,290.8,3.05,N
12.97036,-0.65905,325.22,0.61,0.53,2024-11-21,104,N,VIIRS,n,2.0NRT,291.37,4.2,N
12.97459,-0.65271,302.33,0.61,0.53,2024-11-21,104,N,VIIRS,n,2.0NRT,289.64,2.15,N
12.97953,-0.65203,303.39,0.61,0.53,2024-11-21,104,N,VIIRS,n,2.0NRT,289.06,1.2,N
13.00392,0.91421,305.08,0.48,0.48,2024-11-21,104,N,VIIRS,n,2.0NRT,290.02,0.97,N
13.00717,0.92372,319.95,0.48,0.48,2024-11-21,104,N,VIIRS,n,2.0NRT,291.42,3.02,N
13.00777,0.91925,314.81,0.48,0.48,2024-11-21,104,N,VIIRS,n,2.0NRT,291.26,1.38,N
13.00836,0.91479,302.94,0.48,0.48,2024-11-21,104,N,VIIRS,n,2.0NRT,289.97,1.38,N
13.03527,7.40018,326.69,0.38,0.36,2024-11-21,104,N,VIIRS,n,2.0NRT,289.79,2.15,N
13.05556,5.17145,304.84,0.42,0.38,2024-11-21,104,N,VIIRS,n,2.0NRT,291.39,0.97,N
13.05903,5.17197,310.82,0.42,0.38,2024-11-21,104,N,VIIRS,n,2.0NRT,292.88,1.65,N
13.12561,-3.10925,298.44,0.45,0.63,2024-11-21,104,N,VIIRS,n,2.0NRT,288.44,0.66,N
13.14465,5.59919,309.82,0.41,0.37,2024-11-21,104,N,VIIRS,n,2.0NRT,290.59,1.65,N
13.1492,5.59215,306.66,0.41,0.37,2024-11-21,104,N,VIIRS,n,2.0NRT,288.18,0.54,N
13.15514,-1.32832,300.93,0.34,0.56,2024-11-21,104,N,VIIRS,n,2.0NRT,286.31,0.27,N
13.17232,-1.2967,322.01,0.34,0.56,2024-11-21,104,N,VIIRS,n,2.0NRT,290.34,1.43,N
13.17747,-1.29578,334.2,0.34,0.56,2024-11-21,104,N,VIIRS,n,2.0NRT,294.65,3.83,N
13.17788,-1.2991,326.34,0.34,0.56,2024-11-21,104,N,VIIRS,n,2.0NRT,294.87,1.92,N
13.18306,-1.29843,311.11,0.34,0.56,2024-11-21,104,N,VIIRS,n,2.0NRT,292.07,1.92,N
13.18348,-1.30176,310.61,0.34,0.56,2024-11-21,104,N,VIIRS,n,2.0NRT,290.88,1.92,N
13.20755,-2.65272,312.98,0.42,0.61,2024-11-21,104,N,VIIRS,n,2.0NRT,291.85,1.63,N
13.21367,-2.65584,311.27,0.42,0.61,2024-11-21,104,N,VIIRS,n,2.0NRT,292.23,1.28,N
13.23835,-4.35162,300.94,0.54,0.68,2024-11-21,104,N,VIIRS,n,2.0NRT,288.04,0.69,N
13.27627,-1.04531,306.75,0.33,0.55,2024-11-21,104,N,VIIRS,n,2.0NRT,292.13,0.65,N
13.27841,-1.04589,305.37,0.33,0.55,2024-11-21,104,N,VIIRS,n,2.0NRT,291.97,0.7,N
13.28691,-1.40805,304.35,0.35,0.56,2024-11-21,104,N,VIIRS,n,2.0NRT,293.1,1.39,N
13.28732,-1.4548,331.43,0.35,0.57,2024-11-21,104,N,VIIRS,n,2.0NRT,291.06,1.6,N
13.28772,-1.45807,317.39,0.35,0.57,2024-11-21,104,N,VIIRS,n,2.0NRT,290.73,1.6,N
13.29175,-1.44745,320.5,0.35,0.57,2024-11-21,104,N,VIIRS,n,2.0NRT,292.19,4.54,N
13.29214,-1.45067,341.73,0.35,0.57,2024-11-21,104,N,VIIRS,n,2.0NRT,294.46,4.54,N
13.29254,-1.4539,367,0.35,0.57,2024-11-21,104,N,VIIRS,h,2.0NRT,297.72,7.96,N
13.29294,-1.4572,342.72,0.35,0.57,2024-11-21,104,N,VIIRS,n,2.0NRT,295.89,7.96,N
13.29538,-1.43366,307.33,0.35,0.56,2024-11-21,104,N,VIIRS,n,2.0NRT,290.44,2.34,N
13.29577,-1.43683,331.03,0.35,0.57,2024-11-21,104,N,VIIRS,n,2.0NRT,293.9,2.34,N
13.29617,-1.44007,353.64,0.35,0.57,2024-11-21,104,N,VIIRS,n,2.0NRT,295.48,6.07,N
13.29657,-1.44333,334.78,0.35,0.57,2024-11-21,104,N,VIIRS,n,2.0NRT,295.27,6.07,N
13.29697,-1.44658,367,0.35,0.57,2024-11-21,104,N,VIIRS,h,2.0NRT,298.51,4.54,N
13.29736,-1.4498,328.01,0.35,0.57,2024-11-21,104,N,VIIRS,n,2.0NRT,296.31,4.54,N
13.30616,-1.4348,304.24,0.35,0.57,2024-11-21,104,N,VIIRS,n,2.0NRT,293.59,1.57,N
13.30655,-1.43793,308.17,0.35,0.57,2024-11-21,104,N,VIIRS,n,2.0NRT,294.13,2.3,N
13.31066,-1.42818,300.69,0.35,0.56,2024-11-21,104,N,VIIRS,n,2.0NRT,288.84,0.81,N
13.31105,-1.43131,311.45,0.35,0.56,2024-11-21,104,N,VIIRS,n,2.0NRT,291.85,2.2,N
13.31143,-1.43443,337.51,0.35,0.57,2024-11-21,104,N,VIIRS,n,2.0NRT,294.25,2.2,N
13.31183,-1.43758,322.79,0.35,0.57,2024-11-21,104,N,VIIRS,n,2.0NRT,292.62,3.75,N
13.33074,-1.37648,307.12,0.34,0.56,2024-11-21,104,N,VIIRS,n,2.0NRT,288.63,0.94,N
13.33115,-1.3797,308.39,0.34,0.56,2024-11-21,104,N,VIIRS,n,2.0NRT,290.22,0.94,N
13.33167,-1.37908,314.25,0.34,0.56,2024-11-21,104,N,VIIRS,n,2.0NRT,291.06,1.35,N
13.34132,-1.3711,303.34,0.34,0.56,2024-11-21,104,N,VIIRS,n,2.0NRT,289.47,0.8,N
13.38783,-0.50592,305.37,0.6,0.53,2024-11-21,104,N,VIIRS,n,2.0NRT,289.77,2.88,N
13.39134,-0.49408,304.22,0.6,0.53,2024-11-21,104,N,VIIRS,n,2.0NRT,288.96,2.13,N
13.39204,-0.49968,320.21,0.6,0.53,2024-11-21,104,N,VIIRS,n,2.0NRT,289.18,2.13,N
13.39554,-0.48779,300.7,0.6,0.53,2024-11-21,104,N,VIIRS,n,2.0NRT,290.47,1.42,N
13.39625,-0.49339,305.85,0.6,0.53,2024-11-21,104,N,VIIRS,n,2.0NRT,288.94,0.73,N
13.39974,-0.4815,311.71,0.6,0.53,2024-11-21,104,N,VIIRS,n,2.0NRT,289.81,1.42,N
13.40045,-0.48707,300.95,0.6,0.53,2024-11-21,104,N,VIIRS,n,2.0NRT,290.08,1.42,N
13.45012,0.56827,302.03,0.51,0.5,2024-11-21,104,N,VIIRS,n,2.0NRT,289.91,0.91,N
13.45408,0.57372,323.9,0.51,0.5,2024-11-21,104,N,VIIRS,n,2.0NRT,289.92,3.84,N
13.4547,0.56894,313.11,0.51,0.5,2024-11-21,104,N,VIIRS,n,2.0NRT,292.05,4.48,N
13.45865,0.57438,339.71,0.51,0.5,2024-11-21,104,N,VIIRS,n,2.0NRT,292.29,3.84,N
13.46322,0.57503,323.54,0.51,0.5,2024-11-21,104,N,VIIRS,n,2.0NRT,291.99,3.73,N
13.46384,0.57027,302.32,0.51,0.5,2024-11-21,104,N,VIIRS,n,2.0NRT,292.29,7.61,N
13.46447,0.56544,333.68,0.51,0.5,2024-11-21,104,N,VIIRS,n,2.0NRT,293.5,7.61,N
13.4651,0.56062,317.28,0.51,0.5,2024-11-21,104,N,VIIRS,n,2.0NRT,290.56,3.01,N
13.4682,-3.51743,316.88,0.48,0.65,2024-11-21,104,N,VIIRS,n,2.0NRT,289.79,0.68,N
13.46841,0.57095,351.13,0.51,0.5,2024-11-21,104,N,VIIRS,n,2.0NRT,297.01,7.61,N
13.46904,0.56611,340.58,0.51,0.5,2024-11-21,104,N,VIIRS,n,2.0NRT,294.68,7.61,N
13.4696,-3.51606,308.1,0.48,0.65,2024-11-21,104,N,VIIRS,n,2.0NRT,288.79,0.74,N
13.4701,-3.52059,299.76,0.48,0.65,2024-11-21,104,N,VIIRS,n,2.0NRT,289.41,0.74,N
13.47421,-3.51669,305.74,0.48,0.65,2024-11-21,104,N,VIIRS,n,2.0NRT,288.66,0.68,N
13.47611,-3.51983,304.25,0.48,0.65,2024-11-21,104,N,VIIRS,n,2.0NRT,288.82,0.82,N
13.65613,-0.90618,328.38,0.32,0.55,2024-11-21,104,N,VIIRS,n,2.0NRT,291.67,2.6,N
13.6612,-0.90548,326.53,0.32,0.55,2024-11-21,104,N,VIIRS,n,2.0NRT,290.27,0.97,N
13.66158,-0.90849,300.51,0.32,0.55,2024-11-21,104,N,VIIRS,n,2.0NRT,290.36,0.97,N
13.81567,-3.78773,305.26,0.51,0.66,2024-11-21,104,N,VIIRS,n,2.0NRT,293.29,1.35,N
13.81611,-3.78963,308.76,0.51,0.66,2024-11-21,104,N,VIIRS,n,2.0NRT,293.13,0.74,N
13.9578,-4.07635,298.8,0.53,0.67,2024-11-21,104,N,VIIRS,n,2.0NRT,286.97,3.04,N
13.95834,-4.08143,318.38,0.53,0.67,2024-11-21,104,N,VIIRS,n,2.0NRT,287.57,3.04,N
13.95896,-4.06135,302.77,0.53,0.67,2024-11-21,104,N,VIIRS,n,2.0NRT,289.07,0.72,N
13.96067,-4.0765,330.52,0.53,0.67,2024-11-21,104,N,VIIRS,n,2.0NRT,287.58,5.33,N
13.96086,-4.04546,298.64,0.53,0.67,2024-11-21,104,N,VIIRS,n,2.0NRT,287.82,0.6,N
13.96125,-4.0816,347.66,0.53,0.67,2024-11-21,104,N,VIIRS,n,2.0NRT,291.13,9.64,N
13.96246,-4.06048,301.28,0.53,0.67,2024-11-21,104,N,VIIRS,n,2.0NRT,288.52,0.86,N
13.96352,-4.04568,303.34,0.53,0.67,2024-11-21,104,N,VIIRS,n,2.0NRT,288.7,0.65,N
13.96408,-4.07567,316.05,0.53,0.67,2024-11-21,104,N,VIIRS,n,2.0NRT,287.87,3.04,N
13.96462,-4.08076,347.33,0.53,0.67,2024-11-21,104,N,VIIRS,n,2.0NRT,292.42,3.04,N
13.96712,-4.04477,299.82,0.53,0.67,2024-11-21,104,N,VIIRS,n,2.0NRT,287.47,0.9,N
13.96753,-4.08094,329.45,0.53,0.67,2024-11-21,104,N,VIIRS,n,2.0NRT,291.36,4.51,N
13.96811,-4.08613,335.68,0.53,0.67,2024-11-21,104,N,VIIRS,n,2.0NRT,291.82,4.51,N
13.96978,-4.04501,303.55,0.53,0.67,2024-11-21,104,N,VIIRS,n,2.0NRT,287.22,0.65,N
13.9709,-4.08007,340.65,0.53,0.67,2024-11-21,104,N,VIIRS,n,2.0NRT,291.6,7.18,N
13.97145,-4.08527,341.09,0.53,0.67,2024-11-21,104,N,VIIRS,n,2.0NRT,292.72,9.12,N
13.97338,-4.04407,304.72,0.53,0.67,2024-11-21,104,N,VIIRS,n,2.0NRT,287.21,0.9,N
13.97379,-4.08023,329.62,0.53,0.67,2024-11-21,104,N,VIIRS,n,2.0NRT,290.28,4.51,N
14.07497,-2.10437,302.74,0.39,0.6,2024-11-21,104,N,VIIRS,n,2.0NRT,290.9,0.7,N
14.31731,-3.61358,306.45,0.5,0.66,2024-11-21,104,N,VIIRS,n,2.0NRT,288.85,0.94,N
14.31744,-3.61436,300.46,0.5,0.66,2024-11-21,104,N,VIIRS,n,2.0NRT,287.47,1.85,N
-0.7381,12.96813,311.82,0.34,0.56,2024-11-21,106,N,VIIRS,n,2.0NRT,283.71,1.12,N
1.39779,16.32804,304.9,0.54,0.68,2024-11-21,106,N,VIIRS,n,2.0NRT,281.34,1.07,N
2.1545,13.94874,295.47,0.36,0.57,2024-11-21,106,N,VIIRS,n,2.0NRT,263.69,0.37,N
3.11724,14.96153,303.09,0.41,0.61,2024-11-21,106,N,VIIRS,n,2.0NRT,277.19,0.76,N
3.5739,7.39299,331.65,0.42,0.38,2024-11-21,106,N,VIIRS,n,2.0NRT,291.81,5.49,N
3.57736,7.39353,333.4,0.42,0.38,2024-11-21,106,N,VIIRS,n,2.0NRT,292.92,5.49,N
3.80027,8.07592,326.11,0.44,0.39,2024-11-21,106,N,VIIRS,n,2.0NRT,291.79,3.04,N
3.85296,6.98138,328.15,0.4,0.37,2024-11-21,106,N,VIIRS,n,2.0NRT,292.96,3.37,N
3.85635,6.98192,327.68,0.4,0.37,2024-11-21,106,N,VIIRS,n,2.0NRT,292.96,2.79,N
3.89835,15.89424,299.95,0.46,0.64,2024-11-21,106,N,VIIRS,n,2.0NRT,277.96,0.49,N
3.98843,7.29133,334.4,0.41,0.37,2024-11-21,106,N,VIIRS,n,2.0NRT,292.29,3.97,N
3.99186,7.29187,309.25,0.41,0.37,2024-11-21,106,N,VIIRS,n,2.0NRT,292.14,3.97,N
4.01634,7.49092,331.17,0.42,0.38,2024-11-21,106,N,VIIRS,n,2.0NRT,292.88,6.65,N
4.32563,5.81976,311.84,0.39,0.36,2024-11-21,106,N,VIIRS,n,2.0NRT,293.45,3.13,N
4.33961,5.92477,320,0.39,0.36,2024-11-21,106,N,VIIRS,n,2.0NRT,293.62,2.37,N
4.3544,8.24477,306.9,0.45,0.39,2024-11-21,106,N,VIIRS,n,2.0NRT,285.33,2.97,N
4.41954,8.42438,321.75,0.45,0.39,2024-11-21,106,N,VIIRS,n,2.0NRT,291.95,4.44,N
4.45221,6.28433,306.15,0.39,0.36,2024-11-21,106,N,VIIRS,n,2.0NRT,292.45,0.35,N
4.52792,6.95634,324.04,0.4,0.37,2024-11-21,106,N,VIIRS,n,2.0NRT,289.43,2.18,N
4.55196,7.04523,331.4,0.4,0.37,2024-11-21,106,N,VIIRS,n,2.0NRT,288.25,3.88,N
4.55487,7.00496,305.69,0.4,0.37,2024-11-21,106,N,VIIRS,n,2.0NRT,289.38,0.91,N
4.55521,4.61747,330.93,0.39,0.36,2024-11-21,106,N,VIIRS,n,2.0NRT,294.4,4.12,N
4.55544,7.00135,308,0.4,0.37,2024-11-21,106,N,VIIRS,n,2.0NRT,289.61,0.91,N
4.55575,4.61396,332.09,0.39,0.36,2024-11-21,106,N,VIIRS,n,2.0NRT,294.54,4.12,N
4.55882,7.00188,318.65,0.4,0.37,2024-11-21,106,N,VIIRS,n,2.0NRT,289.5,1.98,N
4.55944,6.9761,322.99,0.4,0.37,2024-11-21,106,N,VIIRS,n,2.0NRT,289.91,2.81,N
4.65154,7.05764,325.87,0.4,0.37,2024-11-21,106,N,VIIRS,n,2.0NRT,284.63,1.92,N
4.65634,6.61545,312.73,0.39,0.36,2024-11-21,106,N,VIIRS,n,2.0NRT,292.21,3.32,N
4.66279,7.07426,332.79,0.4,0.37,2024-11-21,106,N,VIIRS,n,2.0NRT,280.28,3.41,N
4.80147,6.66341,310.82,0.39,0.36,2024-11-21,106,N,VIIRS,n,2.0NRT,291.65,0.54,N
4.81486,5.96064,314.19,0.39,0.36,2024-11-21,106,N,VIIRS,n,2.0NRT,292.79,1.32,N
4.89337,7.12057,301.54,0.4,0.37,2024-11-21,106,N,VIIRS,n,2.0NRT,258.64,0.81,N
4.98156,7.18257,300.08,0.4,0.37,2024-11-21,106,N,VIIRS,n,2.0NRT,263.09,0.56,N
5.00029,5.68513,310.58,0.38,0.36,2024-11-21,106,N,VIIRS,n,2.0NRT,293.11,1.16,N
5.01755,6.30164,305.32,0.39,0.36,2024-11-21,106,N,VIIRS,n,2.0NRT,292.95,1.06,N
5.10008,6.50803,330.63,0.39,0.36,2024-11-21,106,N,VIIRS,n,2.0NRT,293.65,3.73,N
5.19182,6.76102,307.77,0.39,0.36,2024-11-21,106,N,VIIRS,n,2.0NRT,291.54,0.66,N
5.25162,6.60064,330.35,0.39,0.36,2024-11-21,106,N,VIIRS,n,2.0NRT,292.02,2.18,N
5.35907,4.34171,328.68,0.4,0.37,2024-11-21,106,N,VIIRS,n,2.0NRT,295.21,1.91,N
5.3867,6.66124,310.48,0.39,0.36,2024-11-21,106,N,VIIRS,n,2.0NRT,289.3,1.08,N
5.38726,6.65772,320.76,0.39,0.36,2024-11-21,106,N,VIIRS,n,2.0NRT,289.95,1.08,N
5.38772,4.59046,319.96,0.39,0.36,2024-11-21,106,N,VIIRS,n,2.0NRT,295.08,1.32,N